Event ID,Station-Unit,Start Date,Cause Code Name,IsRepeat,TimeBetweenFailure
31289,East Bend Steam-2,1/4/05 9:41,Waterwall (Furnace wall) A,FALSE,
31290,East Bend Steam-2,1/4/05 10:23,Waterwall (Furnace wall) A,TRUE,0.7
34085,Gibson Steam-3,1/14/05 11:31,Waterwall (Furnace wall) A,FALSE,
34086,Gibson Steam-3,1/14/05 14:11,Waterwall (Furnace wall) A,TRUE,2.666666667
34087,Gibson Steam-3,1/16/05 2:41,Waterwall (Furnace wall) A,TRUE,36.5
39039,Gallagher Steam-2,1/30/05 20:50,Other boiler tube leaks,FALSE,
41285,Gallagher Steam-2,2/3/05 18:30,Other boiler tube leaks,TRUE,93.66666667
42455,Cayuga Steam-1,1/19/05 5:30,Waterwall (Furnace wall) A,FALSE,
42456,Cayuga Steam-1,1/22/05 0:51,Waterwall (Furnace wall) A,TRUE,67.35
42464,Cayuga Steam-2,1/13/05 3:56,Economizer B,FALSE,
42489,Gibson Steam-4,2/2/05 17:30,Other boiler tube leaks,FALSE,
42490,Gibson Steam-4,2/3/05 1:39,Other boiler tube leaks,TRUE,8.15
42492,Gibson Steam-4,2/5/05 2:44,Other boiler tube leaks,TRUE,49.08333333
42495,Gibson Steam-5,2/5/05 4:29,Waterwall (Furnace wall) A,FALSE,
42496,Gibson Steam-5,2/5/05 8:23,Waterwall (Furnace wall) A,TRUE,3.9
42497,Gibson Steam-5,2/6/05 12:49,Waterwall (Furnace wall) A,TRUE,28.43333333
42520,Cayuga Steam-2,2/7/05 17:11,Waterwall (Furnace wall) A,FALSE,
42868,Gibson Steam-2,2/27/05 2:02,Waterwall (Furnace wall) A,FALSE,
42869,Gibson Steam-2,2/27/05 4:32,Waterwall (Furnace wall) A,TRUE,2.5
43099,Gibson Steam-2,3/1/05 11:32,Waterwall (Furnace wall) A,TRUE,55
43101,Gibson Steam-2,3/4/05 22:02,Second superheater B,FALSE,
43102,Gibson Steam-2,3/5/05 2:10,Second superheater B,TRUE,4.133333333
43103,Gibson Steam-2,3/6/05 13:49,Second superheater B,TRUE,35.65
43105,Gibson Steam-2,3/6/05 13:55,Second superheater B,TRUE,0.09999999998
43118,Gallagher Steam-2,3/7/05 8:51,First superheater B,FALSE,
44626,Gibson Steam-2,3/19/05 5:33,Waterwall (Furnace wall) A,FALSE,
44627,Gibson Steam-2,3/19/05 7:22,Waterwall (Furnace wall) A,TRUE,1.816666667
44628,Gibson Steam-2,3/21/05 7:01,Waterwall (Furnace wall) A,TRUE,47.65
44632,Gibson Steam-3,3/16/05 0:26,Second superheater B,FALSE,
44633,Gibson Steam-3,3/16/05 4:21,Second superheater B,TRUE,3.916666667
44634,Gibson Steam-3,3/18/05 4:11,Second superheater B,TRUE,47.83333333
44644,Gibson Steam-5,3/18/05 23:00,Waterwall (Furnace wall) A,TRUE,970.1833333
44645,Gibson Steam-5,3/19/05 2:20,Waterwall (Furnace wall) A,TRUE,3.333333333
44646,Gibson Steam-5,3/21/05 9:22,Waterwall (Furnace wall) A,TRUE,12.13333333
44648,Gibson Steam-5,3/21/05 11:56,Waterwall (Furnace wall) A,TRUE,2.566666667
44698,Gibson Steam-5,3/20/05 21:14,Waterwall (Furnace wall) A,TRUE,42.9
44708,Gibson Steam-4,3/29/05 20:00,Other boiler tube leaks,TRUE,1265.266667
44709,Gibson Steam-4,3/30/05 6:12,Other boiler tube leaks,TRUE,10.2
44940,Gallagher Steam-2,4/5/05 14:54,First superheater B,TRUE,702.05
45007,Gibson Steam-4,4/1/05 5:59,Other boiler tube leaks,TRUE,47.78333333
45018,Gibson Steam-5,4/6/05 7:09,First reheater A,FALSE,
45019,Gibson Steam-5,4/6/05 10:23,First reheater A,TRUE,3.233333333
45020,Gibson Steam-5,4/7/05 23:28,First reheater A,TRUE,37.08333333
45028,Gallagher Steam-2,4/15/05 10:21,First superheater B,TRUE,235.45
45131,Gibson Steam-4,4/22/05 23:09,First superheater B,FALSE,
45132,Gibson Steam-4,4/23/05 1:56,First superheater B,TRUE,2.783333333
45133,Gibson Steam-4,4/25/05 11:24,First superheater B,TRUE,57.46666667
45469,Gibson Steam-4,5/6/05 11:41,Other boiler tube leaks,FALSE,
45470,Gibson Steam-4,5/6/05 14:48,Other boiler tube leaks,TRUE,3.116666667
45471,Gibson Steam-4,5/8/05 3:07,Other boiler tube leaks,TRUE,36.31666667
45513,Cayuga Steam-1,5/13/05 1:19,Platen superheater,FALSE,
45535,Gibson Steam-5,5/21/05 17:08,First reheater A,TRUE,1049.666667
45536,Gibson Steam-5,5/21/05 20:26,First reheater A,TRUE,3.3
45537,Gibson Steam-5,5/22/05 23:00,First reheater A,TRUE,26.56666667
45555,Gallagher Steam-2,5/10/05 18:09,Second superheater B,FALSE,
47026,Gallagher Steam-2,6/14/05 21:54,Second superheater B,TRUE,843.75
47214,Cayuga Steam-1,7/5/05 12:01,Waterwall (Furnace wall) A,FALSE,
48250,Gibson Steam-4,7/14/05 2:33,Other boiler tube leaks,TRUE,1607.433333
48251,Gibson Steam-4,7/14/05 5:25,Other boiler tube leaks,TRUE,2.866666667
48252,Gibson Steam-4,7/16/05 2:54,Other boiler tube leaks,TRUE,45.48333333
48461,Gallagher Steam-4,7/28/05 16:25,Platen superheater,FALSE,
49669,Gibson Steam-4,8/13/05 4:00,Other boiler tube leaks,TRUE,673.1
49670,Gibson Steam-4,8/13/05 8:14,Other boiler tube leaks,TRUE,4.233333333
49671,Gibson Steam-4,8/14/05 10:06,Other boiler tube leaks,TRUE,25.86666667
49726,Cayuga Steam-1,8/16/05 0:33,Waterwall (Furnace wall) A,TRUE,996.5333333
49767,Gibson Steam-4,8/26/05 0:00,Other boiler tube leaks,TRUE,277.9
49768,Gibson Steam-4,8/26/05 2:52,Other boiler tube leaks,TRUE,2.866666667
49769,Gibson Steam-4,8/28/05 8:48,Other boiler tube leaks,TRUE,53.93333333
51304,East Bend Steam-2,9/17/05 16:04,Second superheater B,FALSE,
51305,East Bend Steam-2,9/17/05 20:57,Second superheater B,TRUE,4.883333333
51398,East Bend Steam-2,9/22/05 11:07,Second superheater B,TRUE,110.1666667
51981,Gibson Steam-2,10/7/05 20:01,Second superheater B,FALSE,
51982,Gibson Steam-2,10/8/05 0:45,Second superheater B,TRUE,4.733333333
51983,Gibson Steam-2,10/11/05 3:57,Second superheater B,TRUE,75.2
51986,Gibson Steam-2,10/12/05 21:22,Second superheater B,TRUE,41.41666667
51987,Gibson Steam-2,10/13/05 1:32,Second superheater B,TRUE,4.166666667
51988,Gibson Steam-2,10/14/05 17:54,Second superheater B,TRUE,40.36666667
51989,Gibson Steam-2,10/14/05 21:30,Second superheater B,TRUE,3.6
51990,Gibson Steam-2,10/16/05 1:50,Second superheater B,TRUE,28.33333333
52012,Gibson Steam-4,10/9/05 8:35,First reheater A,FALSE,
52013,Gibson Steam-4,10/9/05 11:54,First reheater A,TRUE,3.316666667
52014,Gibson Steam-4,10/11/05 5:19,First reheater A,TRUE,41.41666667
52016,Gibson Steam-4,10/11/05 7:18,First reheater A,TRUE,1.983333333
52074,Gallagher Steam-2,10/23/05 13:52,Second reheater B,FALSE,
52078,Gibson Steam-2,10/31/05 5:40,Waterwall (Furnace wall) A,FALSE,
52079,Gibson Steam-2,10/31/05 9:43,Waterwall (Furnace wall) A,TRUE,4.05
52088,Gallagher Steam-4,10/26/05 23:59,Second reheater B,FALSE,
53629,Gibson Steam-2,11/1/05 23:24,Waterwall (Furnace wall) A,TRUE,37.68333333
53636,Gibson Steam-2,11/18/05 22:15,Platen superheater,FALSE,
53724,Gibson Steam-2,11/19/05 0:28,Platen superheater,TRUE,2.216666667
53725,Gibson Steam-2,11/20/05 5:58,Platen superheater,TRUE,29.5
53728,Gibson Steam-2,11/27/05 11:00,Platen superheater,TRUE,173.0333333
53729,Gibson Steam-2,11/27/05 14:01,Platen superheater,TRUE,3.016666667
53730,Gibson Steam-2,11/28/05 18:35,Platen superheater,TRUE,28.56666667
55147,Gibson Steam-4,12/8/05 5:03,Other boiler tube leaks,FALSE,
55148,Gibson Steam-4,12/8/05 7:31,Other boiler tube leaks,TRUE,2.466666667
56147,Gibson Steam-4,12/9/05 14:17,Other boiler tube leaks,TRUE,30.76666667
56154,Gibson Steam-5,12/9/05 23:52,First reheater A,TRUE,4824.866667
56155,Gibson Steam-5,12/10/05 3:08,First reheater A,TRUE,3.266666667
56156,Gibson Steam-5,12/12/05 9:27,First reheater A,TRUE,54.31666667
57919,Gibson Steam-2,1/8/06 14:48,Second superheater B,FALSE,
57920,Gibson Steam-2,1/8/06 16:31,Second superheater B,TRUE,1.716666667
57929,Gibson Steam-4,1/8/06 9:46,Other boiler tube leaks,TRUE,715.4833333
57930,Gibson Steam-4,1/8/06 12:32,Other boiler tube leaks,TRUE,2.766666667
58148,Gibson Steam-2,1/10/06 13:10,Second superheater B,TRUE,44.65
58149,Gibson Steam-2,1/10/06 23:56,Second superheater B,TRUE,10.76666667
58152,Gibson Steam-4,1/9/06 14:58,Other boiler tube leaks,TRUE,26.43333333
58242,Gibson Steam-4,1/19/06 22:09,Other boiler tube leaks,TRUE,247.1833333
58243,Gibson Steam-4,1/20/06 2:35,Other boiler tube leaks,TRUE,4.433333333
58244,Gibson Steam-4,1/21/06 3:46,Other boiler tube leaks,TRUE,25.18333333
58252,Gibson Steam-5,1/21/06 11:47,Second superheater B,FALSE,
58253,Gibson Steam-5,1/23/06 1:00,Second superheater B,TRUE,37.21666667
58305,Gallagher Steam-4,1/17/06 16:22,Second reheater B,TRUE,1984.383333
58662,Gibson Steam-5,2/5/06 20:48,First reheater A,FALSE,
58663,Gibson Steam-5,2/5/06 23:24,First reheater A,TRUE,2.6
58664,Gibson Steam-5,2/7/06 11:00,First reheater A,TRUE,35.6
58815,Cayuga Steam-1,2/15/06 7:57,First reheater A,FALSE,
58817,Cayuga Steam-2,2/23/06 8:55,Convection pass wall (water tubes only),FALSE,
58822,Gibson Steam-1,2/21/06 22:56,Platen superheater,FALSE,
58823,Gibson Steam-1,2/22/06 1:08,Platen superheater,TRUE,2.2
58824,Gibson Steam-1,2/23/06 3:25,Platen superheater,TRUE,26.28333333
58858,Gibson Steam-5,2/22/06 21:00,Second superheater B,FALSE,
58859,Gibson Steam-5,2/22/06 23:31,Second superheater B,TRUE,2.516666667
58860,Gibson Steam-5,2/24/06 2:54,Second superheater B,TRUE,27.38333333
58862,Gibson Steam-5,2/25/06 12:11,First reheater A,FALSE,
58863,Gibson Steam-5,2/25/06 14:31,First reheater A,TRUE,2.333333333
58864,Gibson Steam-5,2/26/06 17:17,First reheater A,TRUE,26.76666667
58891,Gallagher Steam-2,2/9/06 12:32,Second reheater B,TRUE,2614.666667
59454,Cayuga Steam-1,3/5/06 18:37,Waterwall (Furnace wall) A,FALSE,
59575,Gibson Steam-4,3/21/06 21:45,First reheater A,FALSE,
59576,Gibson Steam-4,3/22/06 1:58,First reheater A,TRUE,4.216666667
59577,Gibson Steam-4,3/22/06 23:43,First reheater A,TRUE,21.75
59776,Gallagher Steam-4,3/19/06 20:52,Waterwall (Furnace wall) A,FALSE,
59889,Gibson Steam-2,4/4/06 9:00,Waterwall (Furnace wall) A,FALSE,
59890,Gibson Steam-2,4/4/06 10:00,Waterwall (Furnace wall) A,TRUE,0.9999999999
59891,Gibson Steam-2,4/4/06 11:40,Waterwall (Furnace wall) A,TRUE,1.666666667
59892,Gibson Steam-2,4/6/06 7:27,Waterwall (Furnace wall) A,TRUE,43.78333333
60772,Gallagher Steam-2,4/24/06 12:59,First reheater A,FALSE,
60782,Gallagher Steam-4,4/23/06 16:47,First reheater A,FALSE,
61172,Cayuga Steam-1,5/21/06 1:38,First reheater A,FALSE,
61215,Gallagher Steam-4,5/3/06 2:33,First superheater B,FALSE,
62549,Gallagher Steam-4,6/23/06 21:12,First superheater B,TRUE,8.983333333
62550,Gallagher Steam-4,6/23/06 12:13,First superheater B,TRUE,1233.666667
63309,Gibson Steam-1,7/18/06 2:55,First reheater A,FALSE,
63310,Gibson Steam-1,7/18/06 6:50,First reheater A,TRUE,3.916666667
63311,Gibson Steam-1,7/20/06 19:05,First reheater A,TRUE,60.25
63355,Cayuga Steam-2,7/27/06 22:34,Waterwall (Furnace wall) A,FALSE,
63404,Gallagher Steam-2,7/30/06 1:27,First reheater A,TRUE,2316.466667
63413,Gallagher Steam-4,7/21/06 14:20,First superheater B,TRUE,665.1333333
64389,Gibson Steam-2,7/11/06 4:58,Waterwall (Furnace wall) A,TRUE,2301.516667
78915,Gibson Steam-4,8/22/06 19:59,Platen superheater,FALSE,
78916,Gibson Steam-4,8/22/06 22:18,Platen superheater,TRUE,2.316666667
78917,Gibson Steam-4,8/25/06 11:02,Platen superheater,TRUE,60.73333333
79103,Gallagher Steam-4,8/4/06 10:22,First reheater A,TRUE,25.31666667
79104,Gallagher Steam-4,8/3/06 9:03,First reheater A,FALSE,
81396,Cayuga Steam-1,10/4/06 12:43,Waterwall (Furnace wall) A,FALSE,
82136,Gallagher Steam-4,10/5/06 6:26,First superheater B,FALSE,
82138,Gallagher Steam-4,10/16/06 12:25,First superheater B,TRUE,269.9833333
85687,Gibson Steam-5,11/23/06 13:35,First reheater A,TRUE,6476.3
85688,Gibson Steam-5,11/23/06 16:21,First reheater A,TRUE,2.766666667
85689,Gibson Steam-5,11/23/06 18:41,First reheater A,TRUE,2.333333333
85690,Gibson Steam-5,11/25/06 3:49,First reheater A,TRUE,33.13333333
85838,Gibson Steam-2,11/30/06 12:48,Waterwall (Furnace wall) A,TRUE,3415.833333
85839,Gibson Steam-2,11/30/06 14:47,Waterwall (Furnace wall) A,TRUE,1.983333333
85840,Gibson Steam-4,11/27/06 9:57,First reheater A,FALSE,
85841,Gibson Steam-4,11/27/06 13:06,First reheater A,TRUE,3.15
85842,Gibson Steam-4,11/27/06 23:06,First reheater A,TRUE,10
85843,Gibson Steam-4,11/28/06 2:11,First reheater A,TRUE,3.083333333
85937,Gallagher Steam-4,11/6/06 8:05,First superheater B,TRUE,499.6666667
85938,Gallagher Steam-4,11/6/06 9:09,First superheater B,TRUE,1.066666667
86312,Gibson Steam-2,12/2/06 1:18,Waterwall (Furnace wall) A,TRUE,34.51666667
86320,Gibson Steam-4,12/1/06 3:06,First reheater A,TRUE,72.91666667
86324,Gibson Steam-3,12/10/06 22:14,Second superheater B,TRUE,15186.05
86325,Gibson Steam-3,12/11/06 0:41,Second superheater B,TRUE,2.45
86326,Gibson Steam-5,12/9/06 10:51,Waterwall (Furnace wall) A,FALSE,
86327,Gibson Steam-5,12/9/06 14:30,Waterwall (Furnace wall) A,TRUE,3.65
86328,Gibson Steam-5,12/10/06 15:02,Waterwall (Furnace wall) A,TRUE,24.53333333
87255,Gibson Steam-1,12/13/06 22:45,Other boiler tube leaks,FALSE,
87259,Gibson Steam-3,12/13/06 3:14,Second superheater B,TRUE,50.55
87266,Gibson Steam-3,12/17/06 15:00,Waterwall (Furnace wall) A,FALSE,
89410,Gibson Steam-1,1/15/07 5:22,Platen superheater,FALSE,
89411,Gibson Steam-1,1/15/07 7:05,Platen superheater,TRUE,1.716666667
89412,Gibson Steam-1,1/17/07 17:30,Platen superheater,TRUE,58.41666667
89414,Gibson Steam-1,1/20/07 9:45,First reheater A,FALSE,
89415,Gibson Steam-1,1/20/07 13:54,First reheater A,TRUE,4.15
89416,Gibson Steam-1,1/21/07 22:33,First reheater A,TRUE,32.65
89772,Gallagher Steam-4,1/10/07 3:39,First superheater B,TRUE,1554.5
89776,Gallagher Steam-4,1/17/07 4:13,Platen superheater,FALSE,
89782,Gallagher Steam-4,1/26/07 18:04,First reheater A,FALSE,
89783,Gallagher Steam-4,1/26/07 20:19,First reheater A,TRUE,2.25
90423,Gibson Steam-2,2/18/07 8:25,First superheater B,FALSE,
90424,Gibson Steam-2,2/18/07 10:23,First superheater B,TRUE,1.966666667
90425,Gibson Steam-2,2/19/07 19:00,First superheater B,TRUE,32.61666667
90931,Noblesville CC1-N/A,2/13/07 13:00,Waterwall (Furnace wall) A,FALSE,
91410,Gibson Steam-2,3/13/07 18:27,Second superheater B,FALSE,
91411,Gibson Steam-2,3/13/07 19:40,Second superheater B,TRUE,1.216666667
91412,Gibson Steam-2,3/15/07 15:00,Second superheater B,TRUE,43.33333333
91451,Gibson Steam-5,3/29/07 13:13,First reheater A,FALSE,
91452,Gibson Steam-5,3/29/07 15:21,First reheater A,TRUE,2.133333333
91509,Gibson Steam-5,3/30/07 14:35,First reheater A,TRUE,23.23333333
91815,Gibson Steam-5,4/6/07 2:36,Second superheater B,FALSE,
91816,Gibson Steam-5,4/6/07 4:52,Second superheater B,TRUE,2.266666667
91817,Gibson Steam-5,4/8/07 1:36,Second superheater B,TRUE,44.73333333
91837,Noblesville CC1-N/A,3/1/07 0:01,Waterwall (Furnace wall) A,TRUE,371.0166667
92211,Gibson Steam-1,4/27/07 16:00,First reheater A,TRUE,2297.45
92212,Gibson Steam-1,4/27/07 20:20,First reheater A,TRUE,4.333333333
92213,Gibson Steam-1,4/29/07 10:07,First reheater A,TRUE,37.78333333
92219,Gibson Steam-5,4/27/07 12:06,Second superheater B,TRUE,466.5
92220,Gibson Steam-5,4/27/07 14:52,Second superheater B,TRUE,2.766666667
92221,Gibson Steam-5,4/30/07 2:06,Second superheater B,TRUE,59.23333333
95513,Allen Steam-1,4/10/06 20:48,Waterwall (Furnace wall) A,TRUE,4737.516667
95552,Belews Creek Steam-1,2/2/06 23:40,Economizer B,TRUE,1170.25
95553,Belews Creek Steam-1,2/13/06 19:47,Second superheater B,FALSE,
95555,Belews Creek Steam-1,2/21/06 1:15,Second superheater B,TRUE,173.4666667
95567,Belews Creek Steam-1,3/21/06 1:44,Second superheater B,TRUE,672.4833333
95570,Belews Creek Steam-1,4/20/06 9:39,Economizer B,FALSE,
95592,Belews Creek Steam-1,6/23/06 20:25,Economizer B,TRUE,1546.766667
95620,Belews Creek Steam-1,7/31/06 22:19,Economizer B,TRUE,913.9
95631,Belews Creek Steam-1,9/24/06 10:14,Economizer B,TRUE,1307.916667
95660,Allen Steam-2,2/24/06 4:54,Waterwall (Furnace wall) A,FALSE,
95694,Allen Steam-2,10/3/06 8:41,Waterwall (Furnace wall) A,TRUE,5307.783333
95731,Allen Steam-3,5/22/06 16:14,Waterwall (Furnace wall) A,FALSE,
95734,Allen Steam-3,6/17/06 19:54,Waterwall (Furnace wall) A,TRUE,627.6666667
95750,Allen Steam-3,12/14/06 16:13,Waterwall (Furnace wall) A,TRUE,4316.316667
95775,Allen Steam-4,8/18/06 22:41,Waterwall (Furnace wall) A,TRUE,9285
95780,Allen Steam-4,9/18/06 13:29,Waterwall (Furnace wall) A,TRUE,734.8
95785,Allen Steam-4,12/11/06 12:40,Waterwall (Furnace wall) A,TRUE,2015.183333
95816,Allen Steam-5,7/16/06 13:40,Waterwall (Furnace wall) A,FALSE,
95821,Allen Steam-5,9/2/06 14:52,Waterwall (Furnace wall) A,TRUE,1153.2
95857,Belews Creek Steam-2,3/4/06 19:05,First reheater A,TRUE,1889.716667
95885,Belews Creek Steam-2,7/1/06 23:28,Economizer B,FALSE,
95901,Belews Creek Steam-2,7/17/06 18:44,Second superheater B,FALSE,
95904,Belews Creek Steam-2,7/24/06 6:51,Waterwall (Furnace wall) A,FALSE,
95918,Belews Creek Steam-2,10/1/06 23:09,First reheater A,FALSE,
95919,Belews Creek Steam-2,10/5/06 12:00,Waterwall (Furnace wall) A,FALSE,
96410,James E. Rogers Energy Complex-5,5/14/06 15:43,Second superheater B,FALSE,
96412,James E. Rogers Energy Complex-5,5/20/06 0:48,Waterwall (Furnace wall) A,FALSE,
96902,W.S. Lee Steam-3,8/16/06 20:41,Convection pass wall (water tubes only),FALSE,
96924,Marshall Steam-1,1/5/06 0:29,First reheater A,FALSE,
97007,Marshall Steam-1,12/11/06 19:40,Waterwall (Furnace wall) A,FALSE,
97020,Marshall Steam-2,4/25/06 16:56,Waterwall (Furnace wall) A,TRUE,7985.066667
97021,Marshall Steam-2,5/12/06 20:35,Waterwall (Furnace wall) A,TRUE,411.65
97027,Marshall Steam-2,6/8/06 12:11,Waterwall (Furnace wall) A,TRUE,639.6
97039,Marshall Steam-2,7/31/06 1:31,Waterwall (Furnace wall) A,TRUE,1261.333333
97142,Marshall Steam-3,6/2/06 23:56,First superheater B,FALSE,
97146,Marshall Steam-3,7/12/06 10:08,Waterwall (Furnace wall) A,FALSE,
97173,Marshall Steam-3,8/28/06 9:01,Waterwall (Furnace wall) A,TRUE,1126.883333
97240,Marshall Steam-4,9/21/06 20:31,Waterwall (Furnace wall) A,FALSE,
103477,Allen Steam-1,9/25/05 11:17,Waterwall (Furnace wall) A,FALSE,
103511,Belews Creek Steam-1,5/5/05 9:00,Waterwall (Furnace wall) A,FALSE,
103515,Belews Creek Steam-1,5/17/05 21:09,Economizer B,FALSE,
103600,Belews Creek Steam-1,12/16/05 5:25,Economizer B,TRUE,5096.266667
103609,Allen Steam-2,2/26/05 20:57,Economizer B,FALSE,
103726,Allen Steam-4,3/25/05 23:59,Economizer B,FALSE,
103742,Allen Steam-4,7/14/05 15:17,Other boiler tube leaks,FALSE,
103743,Allen Steam-4,7/28/05 1:41,Waterwall (Furnace wall) A,FALSE,
103788,Allen Steam-5,2/22/05 23:03,Other boiler tube leaks,FALSE,
103795,Allen Steam-5,4/9/05 16:07,Waterwall (Furnace wall) A,FALSE,
103864,Allen Steam-5,11/23/05 11:12,First superheater B,FALSE,
103871,Belews Creek Steam-2,1/1/05 0:00,First reheater A,FALSE,
103909,Belews Creek Steam-2,5/8/05 2:15,Economizer B,FALSE,
103910,Belews Creek Steam-2,5/9/05 9:00,Waterwall (Furnace wall) A,FALSE,
103932,Belews Creek Steam-2,7/5/05 5:00,Economizer B,FALSE,
103933,Belews Creek Steam-2,7/5/05 14:48,Economizer B,TRUE,9.8
103979,Belews Creek Steam-2,12/8/05 3:31,Economizer B,TRUE,3732.716667
103984,Belews Creek Steam-2,12/16/05 1:22,First reheater A,FALSE,
104733,W.S. Lee Steam-3,3/11/05 23:29,First superheater B,FALSE,
104742,W.S. Lee Steam-3,4/24/05 10:34,Waterwall (Furnace wall) A,FALSE,
104743,W.S. Lee Steam-3,4/29/05 11:55,Waterwall (Furnace wall) A,TRUE,121.35
104750,W.S. Lee Steam-3,6/10/05 23:45,Waterwall (Furnace wall) A,TRUE,1019.833333
104785,Marshall Steam-1,6/8/05 1:04,First superheater B,FALSE,
104786,Marshall Steam-1,6/9/05 14:31,First superheater B,TRUE,37.45
104787,Marshall Steam-1,7/8/05 19:37,Second superheater B,FALSE,
104817,Marshall Steam-2,2/7/05 7:25,Waterwall (Furnace wall) A,FALSE,
104818,Marshall Steam-2,2/7/05 9:55,Waterwall (Furnace wall) A,TRUE,2.5
104831,Marshall Steam-2,5/27/05 23:52,Waterwall (Furnace wall) A,TRUE,2629.95
104975,Marshall Steam-3,10/23/05 15:30,Waterwall (Furnace wall) A,FALSE,
124546,Cayuga Steam-1,6/23/07 18:36,Waterwall (Furnace wall) A,TRUE,6293.883333
124574,Gibson Steam-1,6/27/07 9:35,First reheater A,TRUE,1415.466667
124575,Gibson Steam-1,6/27/07 13:54,First reheater A,TRUE,4.316666667
124586,Gibson Steam-1,6/29/07 7:00,First reheater A,TRUE,41.1
126815,Cayuga Steam-2,7/12/07 5:03,Second superheater B,FALSE,
126867,Gibson Steam-3,7/26/07 8:35,Platen superheater,FALSE,
126868,Gibson Steam-3,7/26/07 12:18,Platen superheater,TRUE,3.716666667
126918,Gibson Steam-3,7/28/07 17:47,Platen superheater,TRUE,53.48333333
128891,Gibson Steam-3,8/3/07 9:10,Second superheater B,FALSE,
128892,Gibson Steam-3,8/3/07 10:56,Second superheater B,TRUE,1.766666667
128893,Gibson Steam-3,8/5/07 3:42,Second superheater B,TRUE,40.76666667
129027,Gallagher Steam-2,8/2/07 9:10,First superheater B,TRUE,0.6666666667
129028,Gallagher Steam-2,8/2/07 8:30,First superheater B,FALSE,
130684,Gallagher Steam-4,8/20/07 17:59,Other boiler tube leaks,FALSE,
130723,Gallagher Steam-4,8/20/07 18:40,First superheater B,FALSE,
130893,Gallagher Steam-2,8/28/07 11:41,First superheater B,TRUE,626.5166667
134043,Gibson Steam-3,9/9/07 2:43,Second superheater B,TRUE,839.0166667
134044,Gibson Steam-3,9/9/07 4:29,Second superheater B,TRUE,1.766666667
134045,Gibson Steam-3,9/11/07 11:10,Second superheater B,TRUE,54.68333333
136777,Belews Creek Steam-1,2/15/07 23:30,Economizer B,TRUE,3469.266667
136786,Belews Creek Steam-1,3/29/07 5:59,First reheater A,FALSE,
136787,Belews Creek Steam-1,4/12/07 18:11,First reheater A,TRUE,348.2
136806,Belews Creek Steam-1,8/7/07 1:44,Economizer B,FALSE,
136810,Belews Creek Steam-1,9/7/07 19:55,Second reheater B,FALSE,
136852,Allen Steam-3,5/9/07 22:57,Waterwall (Furnace wall) A,TRUE,3510.733333
136853,Allen Steam-3,5/17/07 2:23,Other boiler tube leaks,FALSE,
136858,Allen Steam-3,7/14/07 21:50,Waterwall (Furnace wall) A,FALSE,
136864,Allen Steam-4,1/22/07 9:08,Waterwall (Furnace wall) A,TRUE,1004.466667
136885,Allen Steam-4,7/17/07 10:32,Waterwall (Furnace wall) A,TRUE,4225.4
136888,Allen Steam-4,8/28/07 21:27,Waterwall (Furnace wall) A,TRUE,1018.916667
137252,James E. Rogers Energy Complex-5,2/9/07 0:31,Waterwall (Furnace wall) A,TRUE,6359.716667
137273,James E. Rogers Energy Complex-5,6/8/07 20:38,First reheater A,FALSE,
137275,James E. Rogers Energy Complex-5,6/24/07 20:48,Second superheater B,FALSE,
137286,James E. Rogers Energy Complex-5,8/22/07 0:13,Platen superheater,FALSE,
137579,W.S. Lee Steam-3,1/11/07 7:36,Waterwall (Furnace wall) A,FALSE,
137603,W.S. Lee Steam-3,6/11/07 14:56,Economizer B,FALSE,
137615,W.S. Lee Steam-3,7/16/07 22:18,Waterwall (Furnace wall) A,FALSE,
137632,W.S. Lee Steam-3,8/24/07 23:20,Waterwall (Furnace wall) A,TRUE,937.0333333
137636,W.S. Lee Steam-3,9/5/07 13:35,Waterwall (Furnace wall) A,TRUE,278.25
137705,Marshall Steam-1,5/9/07 9:09,Waterwall (Furnace wall) A,TRUE,3565.483333
137714,Marshall Steam-1,6/10/07 0:43,Waterwall (Furnace wall) A,TRUE,759.5666667
137716,Marshall Steam-1,6/16/07 1:00,Waterwall (Furnace wall) A,TRUE,144.2833333
137721,Marshall Steam-1,6/30/07 20:56,Waterwall (Furnace wall) A,TRUE,355.9333333
137731,Marshall Steam-1,7/30/07 11:18,Waterwall (Furnace wall) A,TRUE,710.3666667
137735,Marshall Steam-1,8/10/07 23:55,Waterwall (Furnace wall) A,TRUE,276.6166667
137737,Marshall Steam-1,8/17/07 21:12,Waterwall (Furnace wall) A,TRUE,165.2833333
137763,Marshall Steam-2,3/28/07 22:40,Waterwall (Furnace wall) A,TRUE,5781.15
137765,Marshall Steam-2,4/17/07 13:28,Waterwall (Furnace wall) A,TRUE,470.8
137770,Marshall Steam-2,5/19/07 13:39,First superheater B,FALSE,
137779,Marshall Steam-2,6/5/07 9:08,Waterwall (Furnace wall) A,FALSE,
137797,Marshall Steam-2,6/28/07 0:38,Waterwall (Furnace wall) A,TRUE,543.5
137835,Marshall Steam-2,9/3/07 23:59,Waterwall (Furnace wall) A,TRUE,1631.35
137860,Marshall Steam-3,4/5/07 23:09,First reheater A,FALSE,
137871,Marshall Steam-3,5/13/07 10:20,Waterwall (Furnace wall) A,FALSE,
137881,Marshall Steam-3,7/10/07 8:07,Waterwall (Furnace wall) A,TRUE,1389.783333
137888,Marshall Steam-3,8/17/07 23:15,Waterwall (Furnace wall) A,TRUE,927.1333333
137894,Marshall Steam-4,1/24/07 15:31,First reheater A,FALSE,
137925,Marshall Steam-4,7/2/07 16:26,Waterwall (Furnace wall) A,FALSE,
137937,Marshall Steam-4,8/24/07 20:50,Waterwall (Furnace wall) A,TRUE,1276.4
137939,Marshall Steam-4,9/2/07 2:00,Waterwall (Furnace wall) A,TRUE,197.1666667
139718,Gibson Steam-4,9/20/07 7:09,First reheater A,TRUE,7036.05
139719,Gibson Steam-4,9/20/07 10:50,First reheater A,TRUE,3.683333333
139720,Gibson Steam-4,9/22/07 14:16,First reheater A,TRUE,51.43333333
139788,Belews Creek Steam-2,9/25/07 20:40,Second reheater B,FALSE,
139795,W.S. Lee Steam-3,9/15/07 0:01,Waterwall (Furnace wall) A,TRUE,226.4333333
139996,Allen Steam-4,9/28/07 11:23,Waterwall (Furnace wall) A,TRUE,733.9333333
140196,Gallagher Steam-4,9/27/07 11:54,First superheater B,TRUE,905.2333333
141692,Gibson Steam-3,10/3/07 15:12,First reheater A,FALSE,
141693,Gibson Steam-3,10/3/07 17:10,First reheater A,TRUE,1.966666667
141694,Gibson Steam-3,10/5/07 1:43,First reheater A,TRUE,32.55
141701,Gibson Steam-5,10/7/07 8:28,First reheater A,FALSE,
141702,Gibson Steam-5,10/7/07 10:30,First reheater A,TRUE,2.033333333
142099,Allen Steam-5,10/14/07 17:00,Economizer B,FALSE,
142117,W.S. Lee Steam-3,10/22/07 2:29,Waterwall (Furnace wall) A,TRUE,890.4666667
142136,Gibson Steam-2,10/15/07 15:13,First superheater B,FALSE,
142137,Gibson Steam-2,10/15/07 16:38,First superheater B,TRUE,1.416666667
142139,Gibson Steam-2,10/19/07 3:43,First superheater B,TRUE,83.08333333
142145,Gibson Steam-5,10/8/07 22:43,First reheater A,TRUE,36.21666667
142146,Gibson Steam-5,10/12/07 16:43,First reheater A,TRUE,90
142147,Gibson Steam-5,10/12/07 19:35,First reheater A,TRUE,2.866666667
142148,Gibson Steam-5,10/13/07 22:18,First reheater A,TRUE,26.71666667
142242,Gibson Steam-4,10/23/07 23:34,Waterwall (Furnace wall) A,FALSE,
142243,Gibson Steam-4,10/30/07 6:54,Waterwall (Furnace wall) A,TRUE,151.3333333
142280,Cayuga Steam-1,10/29/07 9:20,Waterwall (Furnace wall) A,TRUE,3062.733333
142331,Gallagher Steam-4,10/26/07 13:55,Second superheater B,FALSE,
142627,Marshall Steam-1,11/4/07 12:02,Waterwall (Furnace wall) A,TRUE,1886.833333
142628,Marshall Steam-3,11/2/07 4:56,First superheater B,FALSE,
144726,Marshall Steam-1,11/13/07 23:57,Waterwall (Furnace wall) A,TRUE,227.9166667
144771,Gibson Steam-4,11/1/07 19:59,Waterwall (Furnace wall) A,TRUE,61.08333333
144772,Gibson Steam-4,11/1/07 22:12,Waterwall (Furnace wall) A,TRUE,2.216666667
144774,Gibson Steam-4,11/4/07 16:52,Waterwall (Furnace wall) A,TRUE,66.66666667
144776,Gibson Steam-4,11/4/07 18:53,Waterwall (Furnace wall) A,TRUE,2.016666667
144788,Gibson Steam-5,11/7/07 21:00,First reheater A,TRUE,598.7
144789,Gibson Steam-5,11/7/07 23:39,First reheater A,TRUE,2.65
144790,Gibson Steam-5,11/9/07 22:55,First reheater A,TRUE,47.26666667
144904,Allen Steam-1,11/20/07 12:27,Waterwall (Furnace wall) A,TRUE,14127.65
145019,East Bend Steam-2,11/15/07 9:00,Second superheater B,TRUE,18813.88333
145026,Gallagher Steam-4,11/2/07 23:16,First reheater A,FALSE,
145036,Gallagher Steam-4,11/17/07 11:09,First superheater B,FALSE,
147567,Marshall Steam-1,12/6/07 5:54,Waterwall (Furnace wall) A,TRUE,533.95
147649,Gibson Steam-4,12/9/07 22:24,Platen superheater,FALSE,
147650,Gibson Steam-4,12/9/07 22:47,Platen superheater,TRUE,0.3833333334
147651,Gibson Steam-4,12/12/07 7:38,Platen superheater,TRUE,56.85
147737,Marshall Steam-1,12/19/07 22:13,Waterwall (Furnace wall) A,TRUE,328.3166667
147812,Gibson Steam-2,12/19/07 6:59,First reheater A,FALSE,
147813,Gibson Steam-2,12/19/07 9:04,First reheater A,TRUE,2.083333333
147814,Gibson Steam-2,12/21/07 16:36,First reheater A,TRUE,55.53333333
147818,Gibson Steam-4,12/19/07 14:36,First reheater A,FALSE,
147819,Gibson Steam-4,12/19/07 16:24,First reheater A,TRUE,1.8
147820,Gibson Steam-4,12/22/07 7:19,First reheater A,TRUE,62.91666667
147879,Gibson Steam-1,12/31/07 15:42,Second superheater B,FALSE,
147880,Gibson Steam-1,12/31/07 17:07,Second superheater B,TRUE,1.416666667
148154,Gallagher Steam-2,12/20/07 10:27,First reheater A,FALSE,
148203,Gallagher Steam-4,12/21/07 4:23,Second superheater B,FALSE,
149595,Marshall Steam-4,1/9/08 11:53,Waterwall (Furnace wall) A,TRUE,3105.883333
151360,Gibson Steam-1,1/1/08 0:00,Second superheater B,TRUE,6.883333333
151361,Gibson Steam-1,1/2/08 19:53,Second superheater B,TRUE,43.88333333
151544,Gibson Steam-5,1/14/08 18:17,First reheater A,TRUE,1579.366667
151545,Gibson Steam-5,1/14/08 22:05,First reheater A,TRUE,3.8
151546,Gibson Steam-5,1/16/08 0:54,First reheater A,TRUE,26.81666667
151562,Marshall Steam-3,1/18/08 12:36,Second superheater B,FALSE,
151919,Gallagher Steam-2,1/27/08 12:52,Second superheater B,FALSE,
151956,Allen Steam-3,1/21/08 15:13,Generating tubes A,FALSE,
152662,Gibson Steam-2,2/1/08 0:34,Waterwall (Furnace wall) A,FALSE,
152663,Gibson Steam-2,2/1/08 4:42,Waterwall (Furnace wall) A,TRUE,4.133333333
152664,Gibson Steam-2,2/2/08 20:14,Waterwall (Furnace wall) A,TRUE,39.53333333
152703,Gibson Steam-3,2/17/08 16:00,Platen superheater,FALSE,
152704,Gibson Steam-3,2/17/08 18:26,Platen superheater,TRUE,2.433333333
153027,Gibson Steam-3,2/19/08 6:19,Platen superheater,TRUE,35.88333333
153096,Cayuga Steam-1,2/20/08 11:16,Platen superheater,FALSE,
154077,Marshall Steam-3,3/10/08 12:27,Waterwall (Furnace wall) A,FALSE,
154081,Marshall Steam-4,3/12/08 11:54,Waterwall (Furnace wall) A,TRUE,1512.016667
154394,Belews Creek Steam-2,3/24/08 14:16,Economizer B,FALSE,
155469,Belews Creek Steam-1,4/1/08 16:30,Waterwall (Furnace wall) A,FALSE,
155657,Marshall Steam-2,4/26/08 16:00,Waterwall (Furnace wall) A,TRUE,5656.016667
155997,East Bend Steam-2,4/3/08 0:54,Second superheater B,TRUE,3351.9
156818,Marshall Steam-3,5/10/08 1:16,Waterwall (Furnace wall) A,TRUE,1452.816667
156870,Marshall Steam-2,5/18/08 15:06,Waterwall (Furnace wall) A,TRUE,527.1
156873,Marshall Steam-4,5/17/08 12:08,Waterwall (Furnace wall) A,TRUE,1584.233333
156886,Gibson Steam-5,5/18/08 12:11,First reheater A,TRUE,2963.283333
156887,Gibson Steam-5,5/18/08 14:15,First reheater A,TRUE,2.066666667
157001,Belews Creek Steam-2,5/16/08 2:47,Waterwall (Furnace wall) A,FALSE,
157031,James E. Rogers Energy Complex-5,5/25/08 23:09,Waterwall (Furnace wall) A,FALSE,
157032,James E. Rogers Energy Complex-5,5/26/08 16:00,Second reheater B,FALSE,
157080,Gibson Steam-5,5/21/08 11:49,First reheater A,TRUE,69.56666667
157086,Gibson Steam-5,5/27/08 21:36,First reheater A,TRUE,153.7833333
157087,Gibson Steam-5,5/28/08 0:59,First reheater A,TRUE,3.383333333
157088,Gibson Steam-5,5/29/08 7:48,First reheater A,TRUE,30.81666667
158621,Marshall Steam-4,6/11/08 23:31,Waterwall (Furnace wall) A,TRUE,611.3833333
158778,Gibson Steam-2,6/5/08 22:18,First reheater A,FALSE,
158779,Gibson Steam-2,6/6/08 1:46,First reheater A,TRUE,3.466666667
158780,Gibson Steam-2,6/8/08 13:44,First reheater A,TRUE,59.96666667
158932,Belews Creek Steam-1,6/26/08 3:02,First superheater B,FALSE,
158951,Marshall Steam-2,6/24/08 21:39,Waterwall (Furnace wall) A,TRUE,894.55
159241,Cayuga Steam-2,6/5/08 10:26,First superheater B,FALSE,
159929,Belews Creek Steam-2,7/8/08 2:45,First reheater A,FALSE,
161096,Belews Creek Steam-2,7/25/08 16:23,First reheater A,TRUE,421.6333333
161138,Allen Steam-2,7/1/08 17:38,Waterwall (Furnace wall) A,TRUE,15296.95
161140,Allen Steam-2,7/21/08 8:53,Waterwall (Furnace wall) A,TRUE,471.25
163245,Gibson Steam-1,8/16/08 12:04,First reheater A,FALSE,
163246,Gibson Steam-1,8/16/08 17:05,First reheater A,TRUE,5.016666667
163247,Gibson Steam-1,8/18/08 11:20,First reheater A,TRUE,42.25
163273,Gibson Steam-4,8/20/08 21:21,Waterwall (Furnace wall) A,FALSE,
163274,Gibson Steam-4,8/21/08 0:50,Waterwall (Furnace wall) A,TRUE,3.483333333
163275,Gibson Steam-4,8/23/08 3:26,Waterwall (Furnace wall) A,TRUE,50.6
165728,Gibson Steam-4,9/10/08 20:25,First reheater A,FALSE,
165729,Gibson Steam-4,9/10/08 23:11,First reheater A,TRUE,2.766666667
165730,Gibson Steam-4,9/12/08 14:21,First reheater A,TRUE,39.16666667
165797,Belews Creek Steam-2,9/12/08 18:27,Economizer B,FALSE,
165808,Marshall Steam-4,9/16/08 16:42,Waterwall (Furnace wall) A,TRUE,2321.183333
165961,Gibson Steam-4,9/20/08 8:05,Waterwall (Furnace wall) A,FALSE,
165962,Gibson Steam-4,9/20/08 11:14,Waterwall (Furnace wall) A,TRUE,3.15
165963,Gibson Steam-4,9/21/08 22:44,Waterwall (Furnace wall) A,TRUE,35.5
165964,Gibson Steam-4,9/22/08 11:09,Waterwall (Furnace wall) A,TRUE,12.41666667
165965,Gibson Steam-4,9/22/08 13:45,Waterwall (Furnace wall) A,TRUE,2.6
166039,Gibson Steam-1,9/26/08 22:02,Waterwall (Furnace wall) A,FALSE,
166040,Gibson Steam-1,9/27/08 5:16,Waterwall (Furnace wall) A,TRUE,7.233333333
166041,Gibson Steam-1,9/27/08 10:25,Waterwall (Furnace wall) A,TRUE,5.15
166042,Gibson Steam-1,9/29/08 2:03,Waterwall (Furnace wall) A,TRUE,39.63333333
166048,Gibson Steam-4,9/24/08 23:03,Waterwall (Furnace wall) A,TRUE,57.3
166130,Gallagher Steam-2,9/4/08 9:43,Waterwall (Furnace wall) A,FALSE,
169770,Gibson Steam-2,10/11/08 13:36,Waterwall (Furnace wall) A,FALSE,
169771,Gibson Steam-2,10/11/08 16:29,Waterwall (Furnace wall) A,TRUE,2.883333333
169772,Gibson Steam-2,10/14/08 10:36,Waterwall (Furnace wall) A,TRUE,66.11666667
169773,Gibson Steam-3,10/8/08 21:04,First reheater A,FALSE,
169774,Gibson Steam-3,10/8/08 23:45,First reheater A,TRUE,2.683333333
169775,Gibson Steam-3,10/12/08 5:05,First reheater A,TRUE,77.33333333
169915,Cayuga Steam-2,10/27/08 8:48,Waterwall (Furnace wall) A,FALSE,
170077,Marshall Steam-4,10/31/08 15:18,First superheater B,FALSE,
172501,Allen Steam-1,11/11/08 21:24,Waterwall (Furnace wall) A,TRUE,8576.95
172527,Marshall Steam-4,11/21/08 12:43,Waterwall (Furnace wall) A,FALSE,
172634,Allen Steam-4,11/25/08 16:35,Waterwall (Furnace wall) A,TRUE,10181.2
172637,Allen Steam-5,11/25/08 19:38,Waterwall (Furnace wall) A,TRUE,212.1333333
172658,Gibson Steam-3,11/29/08 0:03,Platen superheater,FALSE,
172668,W.S. Lee Steam-3,11/20/08 18:36,Waterwall (Furnace wall) A,TRUE,9496.116667
172701,Allen Steam-5,11/16/08 23:30,Waterwall (Furnace wall) A,FALSE,
174613,Marshall Steam-1,12/5/08 12:45,First reheater A,FALSE,
174622,Marshall Steam-2,12/7/08 23:33,Platen superheater,FALSE,
174654,Marshall Steam-3,12/14/08 19:27,Waterwall (Furnace wall) A,TRUE,5250.183333
174693,Marshall Steam-4,12/16/08 1:28,Waterwall (Furnace wall) A,TRUE,588.75
174932,Marshall Steam-2,12/23/08 12:21,Waterwall (Furnace wall) A,FALSE,
177259,Gibson Steam-4,1/6/09 14:39,Second superheater B,FALSE,
177262,Gibson Steam-4,1/6/09 16:50,Second superheater B,TRUE,2.183333333
177267,Gibson Steam-4,1/8/09 4:04,Second superheater B,TRUE,35.23333333
177269,Gibson Steam-4,1/8/09 13:52,Second superheater B,TRUE,9.8
177271,Gibson Steam-4,1/10/09 0:21,Second superheater B,TRUE,34.48333333
177276,Gibson Steam-4,1/12/09 11:46,Second superheater B,TRUE,59.41666667
177346,Belews Creek Steam-2,1/18/09 22:41,Economizer B,TRUE,3076.233333
177370,Gibson Steam-3,1/15/09 10:20,First reheater A,FALSE,
177379,Gibson Steam-4,1/16/09 17:15,Waterwall (Furnace wall) A,FALSE,
177704,Belews Creek Steam-2,1/30/09 12:47,Economizer B,TRUE,278.1
178461,Marshall Steam-2,2/10/09 16:24,Waterwall (Furnace wall) A,TRUE,1180.05
178486,Gibson Steam-1,2/5/09 22:01,Waterwall (Furnace wall) A,TRUE,3115.966667
178549,Marshall Steam-1,2/18/09 19:39,First superheater B,FALSE,
178595,Belews Creek Steam-2,2/20/09 14:28,Economizer B,TRUE,505.6833333
179242,Marshall Steam-1,3/8/09 21:13,First superheater B,TRUE,433.5666667
179842,Gibson Steam-1,3/15/09 19:15,Convection pass wall (water tubes only),FALSE,
179849,James E. Rogers Energy Complex-5,3/20/09 11:33,Waterwall (Furnace wall) A,FALSE,
179857,Gibson Steam-3,3/19/09 1:33,Waterwall (Furnace wall) A,FALSE,
179858,Gibson Steam-3,3/19/09 2:44,Waterwall (Furnace wall) A,TRUE,1.183333333
179916,Gibson Steam-1,3/24/09 15:15,Waterwall (Furnace wall) A,FALSE,
179921,James E. Rogers Energy Complex-5,3/27/09 10:48,Economizer B,FALSE,
179988,Marshall Steam-4,3/24/09 20:05,Waterwall (Furnace wall) A,TRUE,2370.616667
180933,Belews Creek Steam-2,4/7/09 16:24,Economizer B,TRUE,1105.933333
180945,Gibson Steam-1,4/7/09 1:40,Waterwall (Furnace wall) A,TRUE,322.4166667
180947,Belews Creek Steam-2,4/10/09 3:23,Economizer B,TRUE,58.98333333
181171,Allen Steam-5,4/21/09 5:48,Economizer B,FALSE,
182115,Allen Steam-4,5/9/09 11:29,First superheater B,FALSE,
182132,Marshall Steam-1,5/7/09 21:19,Waterwall (Furnace wall) A,FALSE,
182347,James E. Rogers Energy Complex-5,5/11/09 13:45,Waterwall (Furnace wall) A,FALSE,
182400,Belews Creek Steam-2,5/16/09 16:37,Economizer B,TRUE,877.2333333
182480,Gibson Steam-2,5/21/09 22:47,Waterwall (Furnace wall) A,TRUE,5268.183333
182514,Gibson Steam-5,5/19/09 22:45,Second superheater B,FALSE,
182729,Allen Steam-4,6/2/09 14:18,Waterwall (Furnace wall) A,FALSE,
183852,Belews Creek Steam-2,6/10/09 13:15,Economizer B,TRUE,596.6333333
183891,Gibson Steam-5,6/1/09 17:43,First reheater A,FALSE,
183893,James E. Rogers Energy Complex-5,6/9/09 22:52,Waterwall (Furnace wall) A,TRUE,705.1166667
189681,Marshall Steam-3,6/15/09 23:38,Waterwall (Furnace wall) A,TRUE,4396.183333
189754,Belews Creek Steam-2,6/17/09 18:51,Economizer B,TRUE,173.6
189909,Belews Creek Steam-1,6/25/09 5:18,Waterwall (Furnace wall) A,FALSE,
189942,Marshall Steam-1,6/30/09 23:33,Waterwall (Furnace wall) A,TRUE,1298.233333
190242,Marshall Steam-2,7/1/09 22:41,Waterwall (Furnace wall) A,TRUE,3390.283333
191379,Gibson Steam-4,7/16/09 1:17,First reheater A,FALSE,
191399,Marshall Steam-1,7/16/09 11:28,Waterwall (Furnace wall) A,TRUE,371.9166667
191402,Marshall Steam-2,7/17/09 1:34,Waterwall (Furnace wall) A,TRUE,362.8833333
191423,Marshall Steam-2,7/23/09 1:35,Waterwall (Furnace wall) A,TRUE,144.0166667
191457,W.S. Lee Steam-3,7/25/09 21:53,Waterwall (Furnace wall) A,TRUE,5931.283333
192278,W.S. Lee Steam-3,8/8/09 19:45,Waterwall (Furnace wall) A,TRUE,333.8666667
192280,Marshall Steam-1,8/8/09 10:01,Waterwall (Furnace wall) A,TRUE,550.55
192283,Marshall Steam-2,8/9/09 16:32,Waterwall (Furnace wall) A,TRUE,422.95
193222,Marshall Steam-2,8/15/09 18:43,Waterwall (Furnace wall) A,TRUE,146.1833333
193224,Marshall Steam-1,8/17/09 21:50,Waterwall (Furnace wall) A,TRUE,227.8166667
193225,Marshall Steam-2,8/17/09 17:40,Waterwall (Furnace wall) A,TRUE,46.95
193256,W.S. Lee Steam-3,8/17/09 20:55,Waterwall (Furnace wall) A,TRUE,217.1666667
193286,W.S. Lee Steam-3,8/19/09 3:19,Waterwall (Furnace wall) A,TRUE,30.4
193295,Belews Creek Steam-2,8/19/09 22:55,Economizer B,TRUE,13.5
198385,Belews Creek Steam-2,8/19/09 9:25,Economizer B,TRUE,1502.566667
200119,Marshall Steam-4,9/10/09 10:50,Waterwall (Furnace wall) A,TRUE,4070.75
200134,Gibson Steam-1,9/11/09 8:45,Waterwall (Furnace wall) A,TRUE,3775.083333
200140,Gibson Steam-4,9/12/09 9:59,External superheater link tubing,FALSE,
200149,Belews Creek Steam-2,9/9/09 1:04,Economizer B,TRUE,482.15
200272,Gibson Steam-4,9/22/09 11:30,Waterwall (Furnace wall) A,FALSE,
200294,Cayuga Steam-2,9/15/09 1:30,Other boiler tube leaks,FALSE,
200503,Marshall Steam-2,10/7/09 10:22,Waterwall (Furnace wall) A,TRUE,1216.7
202172,Belews Creek Steam-2,10/18/09 14:00,Economizer B,TRUE,948.9333333
202227,Belews Creek Steam-2,10/26/09 1:34,Economizer B,TRUE,179.5666667
202250,Marshall Steam-4,10/28/09 0:04,First superheater B,FALSE,
202360,Gibson Steam-2,10/27/09 19:45,Waterwall (Furnace wall) A,TRUE,3812.966667
204772,Marshall Steam-1,12/2/09 19:37,Waterwall (Furnace wall) A,TRUE,2565.783333
204799,Allen Steam-4,12/5/09 10:28,Waterwall (Furnace wall) A,TRUE,4460.166667
204919,East Bend Steam-2,11/30/09 0:37,Second superheater B,TRUE,14543.71667
204920,East Bend Steam-2,11/30/09 4:04,Second superheater B,TRUE,3.45
206864,Marshall Steam-1,12/15/09 11:26,Waterwall (Furnace wall) A,TRUE,303.8166667
206867,Gibson Steam-4,12/27/09 15:57,Waterwall (Furnace wall) A,TRUE,2308.45
206941,Belews Creek Steam-2,12/27/09 7:30,Economizer B,TRUE,1493.933333
207288,East Bend Steam-2,12/1/09 0:00,Second superheater B,TRUE,19.93333333
207291,East Bend Steam-2,12/7/09 2:33,Second reheater B,FALSE,
207292,East Bend Steam-2,12/7/09 5:11,Second reheater B,TRUE,2.633333333
208301,Marshall Steam-1,1/8/10 12:34,Waterwall (Furnace wall) A,TRUE,577.1333333
208302,Marshall Steam-2,1/10/10 3:47,Waterwall (Furnace wall) A,TRUE,2273.416667
209852,Marshall Steam-1,1/16/10 18:11,Waterwall (Furnace wall) A,TRUE,197.6166667
209935,Gallagher Steam-4,1/22/10 20:49,Waterwall (Furnace wall) A,FALSE,
210442,Marshall Steam-1,2/4/10 8:37,Other boiler tube leaks,FALSE,
210551,Belews Creek Steam-2,2/3/10 14:22,Economizer B,TRUE,918.8666667
210565,Marshall Steam-2,2/7/10 16:23,Waterwall (Furnace wall) A,TRUE,684.6
210821,James E. Rogers Energy Complex-5,2/12/10 2:16,First superheater B,FALSE,
210836,Marshall Steam-1,2/18/10 10:09,Waterwall (Furnace wall) A,FALSE,
210886,Gibson Steam-2,2/21/10 17:40,Waterwall (Furnace wall) A,TRUE,2805.916667
210897,Gibson Steam-3,2/20/10 22:44,First reheater A,FALSE,
210977,Marshall Steam-1,2/27/10 8:02,Waterwall (Furnace wall) A,TRUE,213.8833333
210979,Marshall Steam-4,2/27/10 10:23,Second reheater B,FALSE,
211018,Gallagher Steam-2,2/8/10 8:01,First reheater A,FALSE,
211019,Gallagher Steam-2,2/8/10 9:00,First reheater A,TRUE,0.9833333334
211082,Belews Creek Steam-1,2/8/10 13:00,Waterwall (Furnace wall) A,TRUE,5479.7
211292,Allen Steam-3,3/3/10 23:22,Second superheater B,FALSE,
211498,W.S. Lee Steam-3,3/5/10 9:55,Economizer B,FALSE,
211847,W.S. Lee Steam-3,3/14/10 21:17,Economizer B,TRUE,227.3666667
211913,W.S. Lee Steam-3,3/21/10 13:00,Boiler screen; wing wall; or slag screen (water tubes only) A,FALSE,
211914,Gallagher Steam-2,3/19/10 21:06,Waterwall (Furnace wall) A,FALSE,
212033,Marshall Steam-2,3/22/10 13:34,Waterwall (Furnace wall) A,TRUE,1029.183333
212036,Marshall Steam-3,3/21/10 10:17,First superheater B,FALSE,
212091,Marshall Steam-2,3/28/10 2:14,First reheater A,FALSE,
212792,Gibson Steam-4,4/14/10 3:06,Waterwall (Furnace wall) A,TRUE,2579.15
212846,Gibson Steam-3,4/22/10 8:02,First reheater A,TRUE,1449.3
213017,Cayuga Steam-2,4/13/10 1:54,External superheater link tubing,FALSE,
213116,Belews Creek Steam-1,4/3/10 13:40,Second superheater B,FALSE,
213153,East Bend Steam-2,4/21/10 9:02,Second reheater B,TRUE,3243.85
214146,Marshall Steam-2,5/12/10 15:46,Waterwall (Furnace wall) A,FALSE,
214250,Gallagher Steam-2,5/18/10 13:40,First superheater B,FALSE,
214389,East Bend Steam-2,5/31/10 0:16,Waterwall (Furnace wall) A,FALSE,
214390,East Bend Steam-2,5/31/10 2:51,Waterwall (Furnace wall) A,TRUE,2.583333333
214444,Allen Steam-5,6/4/10 0:01,Waterwall (Furnace wall) A,FALSE,
214559,Gibson Steam-4,6/6/10 21:36,First superheater B,FALSE,
214561,Marshall Steam-2,6/6/10 21:00,Waterwall (Furnace wall) A,TRUE,605.2333333
215465,Allen Steam-5,6/15/10 8:08,Economizer B,FALSE,
215538,W.S. Lee Steam-3,6/19/10 0:02,First superheater B,FALSE,
215923,Marshall Steam-2,6/25/10 20:56,Waterwall (Furnace wall) A,TRUE,455.9333333
215928,Marshall Steam-2,7/1/10 11:57,Waterwall (Furnace wall) A,TRUE,135.0166667
215930,Marshall Steam-2,7/4/10 19:30,Waterwall (Furnace wall) A,TRUE,79.55
217425,Marshall Steam-1,7/11/10 3:22,First reheater A,FALSE,
217426,Marshall Steam-2,7/10/10 0:02,Waterwall (Furnace wall) A,TRUE,124.5333333
217429,James E. Rogers Energy Complex-5,7/2/10 23:15,Waterwall (Furnace wall) A,FALSE,
217803,Belews Creek Steam-1,7/24/10 3:50,First reheater A,FALSE,
217857,Marshall Steam-4,7/26/10 14:06,First superheater B,FALSE,
218242,Allen Steam-5,7/29/10 20:47,First superheater B,FALSE,
218265,Gibson Steam-2,7/27/10 5:18,Boiler screen; wing wall; or slag screen (water tubes only) A,FALSE,
218305,Marshall Steam-1,7/28/10 15:28,Waterwall (Furnace wall) A,FALSE,
218391,Cayuga Steam-2,7/22/10 10:37,Economizer B,FALSE,
218683,East Bend Steam-2,7/29/10 8:55,Second reheater B,FALSE,
218798,Allen Steam-5,8/10/10 7:20,Waterwall (Furnace wall) A,FALSE,
220262,Gibson Steam-2,8/11/10 22:12,Boiler screen; wing wall; or slag screen (water tubes only) A,TRUE,376.9
220404,Marshall Steam-1,8/21/10 2:31,First superheater B,FALSE,
220616,Marshall Steam-1,8/27/10 15:37,Waterwall (Furnace wall) A,FALSE,
220646,Belews Creek Steam-1,8/5/10 20:05,First reheater A,TRUE,304.25
220672,Gibson Steam-3,8/27/10 9:59,First reheater A,TRUE,3049.95
220676,Gibson Steam-3,8/28/10 0:08,First reheater A,TRUE,14.15
222787,Gibson Steam-4,9/16/10 8:08,Second superheater B,FALSE,
222810,Marshall Steam-3,9/16/10 16:59,Waterwall (Furnace wall) A,FALSE,
223100,Marshall Steam-1,9/28/10 9:24,Waterwall (Furnace wall) A,TRUE,761.7833333
225000,Gibson Steam-4,10/8/10 13:51,First reheater A,FALSE,
225315,Cayuga Steam-1,10/15/10 14:03,First superheater B,FALSE,
227511,Cayuga Steam-1,11/28/10 14:10,Waterwall (Furnace wall) A,FALSE,
227532,Belews Creek Steam-1,11/17/10 12:05,First reheater A,TRUE,2488
227727,East Bend Steam-2,11/17/10 7:17,Second reheater B,TRUE,2662.366667
229527,Allen Steam-4,12/7/10 15:22,Platen superheater,FALSE,
229609,Allen Steam-5,12/15/10 22:02,Economizer B,FALSE,
229960,Gibson Steam-3,12/17/10 2:10,Waterwall (Furnace wall) A,FALSE,
229964,Gibson Steam-3,12/21/10 0:05,Boiler screen; wing wall; or slag screen (water tubes only) A,FALSE,
229967,Gibson Steam-4,12/22/10 11:08,Waterwall (Furnace wall) A,FALSE,
230112,Marshall Steam-1,1/3/11 7:00,First superheater B,FALSE,
230169,Belews Creek Steam-1,12/16/10 23:42,First reheater A,TRUE,707.6166667
230536,East Bend Steam-2,12/6/10 15:01,Second reheater B,TRUE,463.7333333
232781,Marshall Steam-1,1/12/11 5:52,Waterwall (Furnace wall) A,FALSE,
232957,Gibson Steam-2,1/14/11 15:37,Waterwall (Furnace wall) A,FALSE,
232961,Gibson Steam-2,1/17/11 12:03,Waterwall (Furnace wall) A,TRUE,68.43333333
232966,Gibson Steam-3,1/4/11 11:21,Waterwall (Furnace wall) A,FALSE,
232992,Marshall Steam-1,1/23/11 7:30,Waterwall (Furnace wall) A,TRUE,265.6333333
233100,Marshall Steam-1,1/26/11 18:14,Waterwall (Furnace wall) A,TRUE,82.73333333
233648,W.S. Lee Steam-3,2/9/11 11:34,Economizer B,FALSE,
234031,W.S. Lee Steam-3,2/22/11 8:58,Boiler screen; wing wall; or slag screen (water tubes only) A,FALSE,
234792,Gibson Steam-4,3/11/11 0:00,Waterwall (Furnace wall) A,TRUE,1884.866667
234808,Gibson Steam-3,3/16/11 9:11,Platen superheater,FALSE,
234837,Cayuga Steam-1,3/16/11 22:07,Waterwall (Furnace wall) A,TRUE,2599.95
234884,Marshall Steam-1,3/29/11 13:38,Waterwall (Furnace wall) A,TRUE,1483.4
234960,Belews Creek Steam-2,3/16/11 15:00,Waterwall (Furnace wall) A,FALSE,
235066,Marshall Steam-1,4/5/11 7:03,Waterwall (Furnace wall) A,TRUE,161.4166667
235422,Marshall Steam-4,4/11/11 23:55,Waterwall (Furnace wall) A,FALSE,
235878,Marshall Steam-3,4/18/11 11:12,First superheater B,FALSE,
235992,Belews Creek Steam-2,4/22/11 18:59,Waterwall (Furnace wall) A,TRUE,891.9833333
237488,W.S. Lee Steam-3,5/23/11 17:07,First superheater B,FALSE,
237684,Gibson Steam-2,5/20/11 17:22,Waterwall (Furnace wall) A,TRUE,2957.316667
237969,East Bend Steam-2,5/30/11 14:56,Second reheater B,TRUE,4199.916667
238266,Allen Steam-3,6/8/11 4:09,Economizer B,FALSE,
240899,W.S. Lee Steam-3,7/11/11 21:50,Waterwall (Furnace wall) A,FALSE,
241229,Belews Creek Steam-2,7/10/11 19:48,Waterwall (Furnace wall) A,TRUE,1896.816667
241521,Marshall Steam-2,7/19/11 11:16,Waterwall (Furnace wall) A,TRUE,8987.233333
241768,Gallagher Steam-4,7/22/11 23:00,Waterwall (Furnace wall) A,TRUE,58.53333333
241865,Gallagher Steam-4,7/20/11 12:28,Waterwall (Furnace wall) A,TRUE,13047.65
244629,Marshall Steam-4,8/12/11 20:18,Waterwall (Furnace wall) A,TRUE,2948.383333
244644,W.S. Lee Steam-3,8/16/11 1:32,Waterwall (Furnace wall) A,TRUE,843.7
244665,Gibson Steam-1,8/6/11 21:12,Waterwall (Furnace wall) A,TRUE,16668.45
244799,Gibson Steam-4,8/2/11 20:16,Waterwall (Furnace wall) A,TRUE,3476.266667
244807,Marshall Steam-1,8/21/11 8:59,Waterwall (Furnace wall) A,TRUE,3313.933333
244941,Marshall Steam-1,8/27/11 23:19,Waterwall (Furnace wall) A,TRUE,158.3333333
244979,Gibson Steam-4,8/15/11 2:01,Second superheater B,FALSE,
245398,Allen Steam-5,9/2/11 13:13,Waterwall (Furnace wall) A,FALSE,
245737,East Bend Steam-2,8/4/11 17:28,Second reheater B,TRUE,1586.533333
247612,Marshall Steam-3,9/14/11 2:36,Waterwall (Furnace wall) A,FALSE,
247651,Gibson Steam-1,9/11/11 17:36,Waterwall (Furnace wall) A,TRUE,860.4
247695,Gibson Steam-4,9/14/11 10:08,First reheater A,FALSE,
247978,East Bend Steam-2,9/3/11 9:02,Second reheater B,TRUE,711.5666667
249860,Gibson Steam-4,10/19/11 3:36,First reheater A,TRUE,833.4666667
249867,Marshall Steam-2,10/22/11 22:00,Waterwall (Furnace wall) A,TRUE,2290.733333
249987,Gibson Steam-2,10/29/11 13:54,First reheater A,FALSE,
250215,Marshall Steam-2,11/4/11 21:45,Waterwall (Furnace wall) A,TRUE,311.75
254190,Gibson Steam-3,12/16/11 22:32,First reheater A,FALSE,
254619,Marshall Steam-1,1/7/12 21:53,First superheater B,FALSE,
256392,Marshall Steam-1,1/20/12 6:06,Waterwall (Furnace wall) A,FALSE,
257005,Gibson Steam-1,2/21/12 23:07,Waterwall (Furnace wall) A,TRUE,3917.516667
293761,Gibson Steam-4,3/16/12 9:15,Waterwall (Furnace wall) A,FALSE,
293788,Gibson Steam-4,3/23/12 21:46,Second superheater B,FALSE,
293872,Gibson Steam-2,3/30/12 13:51,Platen superheater,FALSE,
294064,Marshall Steam-2,4/9/12 7:48,Waterwall (Furnace wall) A,TRUE,3754.05
294642,Gibson Steam-1,4/16/12 10:16,Waterwall (Furnace wall) A,TRUE,1307.15
294990,East Bend Steam-2,4/24/12 6:00,Second superheater B,FALSE,
295572,Marshall Steam-4,5/14/12 6:00,Waterwall (Furnace wall) A,TRUE,6609.7
295632,Marshall Steam-4,5/21/12 14:27,First superheater B,FALSE,
299511,Gibson Steam-1,5/23/12 14:09,First reheater A,FALSE,
299566,Cayuga Steam-2,5/5/12 16:55,First superheater B,FALSE,
299934,East Bend Steam-2,5/14/12 16:04,Second reheater B,FALSE,
301011,Gibson Steam-3,6/9/12 18:40,Waterwall (Furnace wall) A,FALSE,
301013,Gibson Steam-1,6/13/12 1:48,Second superheater B,FALSE,
301386,Cayuga Steam-2,6/17/12 10:42,Waterwall (Furnace wall) A,FALSE,
301431,Cayuga Steam-2,6/28/12 1:40,Waterwall (Furnace wall) A,TRUE,254.9666667
301532,Allen Steam-3,7/5/12 21:31,Economizer B,TRUE,9449.366667
301743,Allen Steam-3,7/9/12 11:31,Second superheater B,FALSE,
302556,Marshall Steam-2,7/13/12 18:26,Waterwall (Furnace wall) A,TRUE,2290.633333
302640,Gibson Steam-2,7/6/12 3:45,Waterwall (Furnace wall) A,FALSE,
302644,Gibson Steam-2,7/8/12 15:20,Boiler screen; wing wall; or slag screen (water tubes only) A,FALSE,
302672,Marshall Steam-4,7/18/12 23:26,Waterwall (Furnace wall) A,FALSE,
302679,Gibson Steam-1,7/15/12 9:37,First reheater A,FALSE,
302681,Gibson Steam-2,7/13/12 12:32,Boiler screen; wing wall; or slag screen (water tubes only) A,TRUE,117.2
302696,Allen Steam-4,7/13/12 23:05,Waterwall (Furnace wall) A,FALSE,
302991,Gibson Steam-2,7/19/12 0:17,First reheater A,FALSE,
303255,Marshall Steam-2,7/30/12 23:23,Boiler screen; wing wall; or slag screen (water tubes only) A,FALSE,
304994,East Bend Steam-2,7/13/12 9:39,Economizer B,FALSE,
305439,Gibson Steam-4,8/13/12 2:00,Waterwall (Furnace wall) A,FALSE,
305737,East Bend Steam-2,8/30/12 23:01,Economizer B,TRUE,1165.366667
309985,Gibson Steam-5,9/25/12 21:06,First reheater A,TRUE,29091.38333
310223,Belews Creek Steam-1,9/5/12 23:45,First superheater B,FALSE,
310224,Belews Creek Steam-1,9/9/12 12:30,First reheater A,FALSE,
310272,East Bend Steam-2,9/18/12 1:51,Second reheater B,FALSE,
310273,East Bend Steam-2,9/27/12 10:36,Second reheater B,TRUE,224.75
312316,East Bend Steam-2,10/5/12 17:05,Second reheater B,TRUE,198.4833333
471448,Gibson Steam-2,11/22/12 21:51,Platen superheater,FALSE,
471532,Gibson Steam-1,11/29/12 18:47,First reheater A,TRUE,3297.166667
477320,W.S. Lee Steam-3,11/30/12 6:44,Economizer B,FALSE,
477551,Belews Creek Steam-1,11/16/12 14:56,Waterwall (Furnace wall) A,FALSE,
477582,East Bend Steam-2,11/10/12 15:38,Second reheater B,TRUE,862.55
479807,East Bend Steam-2,12/11/12 2:56,Second superheater B,FALSE,
479864,Belews Creek Steam-1,12/14/12 13:58,Second superheater B,FALSE,
479867,Belews Creek Steam-2,12/2/12 22:02,Second superheater B,FALSE,
481881,Gallagher Steam-4,12/5/12 8:54,Waterwall (Furnace wall) A,TRUE,12033.9
482454,Allen Steam-3,2/6/13 12:57,Second superheater B,TRUE,5089.433333
482600,East Bend Steam-2,1/7/13 23:55,Second superheater B,TRUE,668.9833333
482779,Marshall Steam-1,2/21/13 15:51,Waterwall (Furnace wall) A,TRUE,9561.75
482903,Cayuga Steam-2,2/11/13 21:10,Waterwall (Furnace wall) A,TRUE,5491.5
483094,East Bend Steam-2,2/5/13 12:00,Second superheater B,TRUE,684.0833333
483097,East Bend Steam-2,2/13/13 23:24,Second superheater B,TRUE,203.4
483601,Marshall Steam-1,3/23/13 12:45,First superheater B,FALSE,
483602,Marshall Steam-4,3/21/13 12:07,Waterwall (Furnace wall) A,TRUE,5892.683333
483780,Gibson Steam-4,3/26/13 22:56,Boiler screen; wing wall; or slag screen (water tubes only) A,FALSE,
484085,East Bend Steam-2,3/25/13 15:52,Second superheater B,TRUE,952.4666667
484514,Gibson Steam-1,4/7/13 9:42,Second superheater B,FALSE,
484749,Gibson Steam-3,4/30/13 11:06,Second superheater B,FALSE,
485770,Gibson Steam-4,5/8/13 17:50,Waterwall (Furnace wall) A,FALSE,
485784,Gibson Steam-4,5/9/13 23:47,Second superheater B,FALSE,
487877,Marshall Steam-4,6/18/13 2:26,First superheater B,FALSE,
487879,Marshall Steam-2,6/17/13 13:03,Waterwall (Furnace wall) A,FALSE,
488435,Gallagher Steam-4,6/21/13 16:00,Second superheater B,FALSE,
489109,Gibson Steam-3,7/2/13 17:56,Waterwall (Furnace wall) A,FALSE,
489400,Gibson Steam-1,7/18/13 18:12,First reheater A,FALSE,
489525,Gibson Steam-4,7/22/13 1:49,Waterwall (Furnace wall) A,FALSE,
489540,Marshall Steam-2,7/22/13 19:43,Waterwall (Furnace wall) A,TRUE,846.6666667
489542,Marshall Steam-3,7/21/13 5:08,Waterwall (Furnace wall) A,TRUE,16226.53333
489547,Marshall Steam-4,7/25/13 21:26,First superheater B,TRUE,907
489892,East Bend Steam-2,7/10/13 20:18,Second superheater B,TRUE,2572.433333
489914,Gibson Steam-1,8/1/13 12:52,First reheater A,TRUE,330.6666667
489924,Marshall Steam-4,8/5/13 9:13,First superheater B,TRUE,251.7833333
490973,Gibson Steam-3,8/7/13 0:11,First reheater A,FALSE,
491150,Gibson Steam-3,8/12/13 11:20,Platen superheater,FALSE,
491152,Gibson Steam-4,8/10/13 22:04,Second superheater B,FALSE,
491221,Marshall Steam-3,8/18/13 23:45,Waterwall (Furnace wall) A,TRUE,690.6166667
491275,Gibson Steam-4,8/19/13 17:30,Waterwall (Furnace wall) A,FALSE,
491284,Allen Steam-3,8/20/13 19:13,Second superheater B,TRUE,4686.266667
491952,East Bend Steam-2,8/16/13 16:48,Second reheater B,FALSE,
493532,Gibson Steam-4,9/25/13 12:57,Waterwall (Furnace wall) A,TRUE,883.45
493596,Gibson Steam-2,9/27/13 6:39,Platen superheater,TRUE,7400.8
493924,Gibson Steam-2,10/1/13 16:41,Waterwall (Furnace wall) A,FALSE,
493931,East Bend Steam-2,9/21/13 0:07,Second reheater B,TRUE,847.3166667
494255,Allen Steam-3,10/7/13 9:35,Other boiler tube leaks,FALSE,
590255,Anclote Steam-1,3/19/05 10:15,First superheater B,FALSE,
590336,Anclote Steam-2,3/29/05 0:50,First superheater B,FALSE,
590337,Anclote Steam-2,4/1/05 0:00,First superheater B,TRUE,71.16666667
590392,Anclote Steam-2,8/8/05 10:10,First superheater B,TRUE,3106.166667
592458,Crystal River North Steam-5,6/1/05 2:32,Platen superheater,FALSE,
599758,Roxboro Steam-1,2/18/05 18:40,Second reheater B,FALSE,
599770,Roxboro Steam-1,9/16/05 14:06,Second superheater B,FALSE,
599813,Roxboro Steam-2,5/18/05 16:03,Waterwall (Furnace wall) A,FALSE,
599830,Roxboro Steam-2,8/5/05 0:36,Waterwall (Furnace wall) A,TRUE,1880.55
599865,Roxboro Steam-3,2/18/05 5:41,Waterwall (Furnace wall) A,FALSE,
599870,Roxboro Steam-3,3/2/05 22:22,Second superheater B,FALSE,
599929,Roxboro Steam-3,12/17/05 17:37,Waterwall (Furnace wall) A,FALSE,
599941,Roxboro Steam-4,1/23/05 21:43,Waterwall (Furnace wall) A,FALSE,
599986,Roxboro Steam-4,10/13/05 8:15,Economizer B,FALSE,
601628,Anclote Steam-2,9/2/06 2:35,Economizer B,FALSE,
601637,Anclote Steam-2,10/12/06 22:58,First superheater B,FALSE,
603181,Crystal River North Steam-4,1/21/06 1:00,Boiler screen; wing wall; or slag screen (water tubes only) A,FALSE,
603287,Crystal River North Steam-5,1/11/06 11:00,Convection pass wall (water tubes only),FALSE,
604784,Hines CC2-N/A,9/7/06 9:00,Economizer B,FALSE,
610121,Mayo Steam-1,8/20/06 19:40,Economizer B,FALSE,
610139,Mayo Steam-1,11/19/06 19:32,First superheater B,FALSE,
610140,Mayo Steam-1,11/24/06 12:40,Waterwall (Furnace wall) A,FALSE,
611197,Roxboro Steam-1,2/1/06 22:00,First reheater A,FALSE,
611309,Roxboro Steam-3,7/10/06 13:14,Economizer B,FALSE,
611330,Roxboro Steam-3,11/28/06 2:55,Waterwall (Furnace wall) A,FALSE,
614171,Anclote Steam-1,5/21/07 23:57,Second superheater B,FALSE,
614216,Anclote Steam-1,8/26/07 13:28,Other boiler tube leaks,FALSE,
621599,Mayo Steam-1,7/27/07 7:37,Economizer B,FALSE,
622982,Roxboro Steam-1,1/10/07 23:40,Waterwall (Furnace wall) A,FALSE,
622992,Roxboro Steam-1,3/20/07 11:35,Economizer B,FALSE,
623000,Roxboro Steam-1,4/9/07 18:12,First reheater A,FALSE,
623006,Roxboro Steam-1,5/13/07 1:26,Second reheater B,FALSE,
623062,Roxboro Steam-2,7/15/07 6:09,Waterwall (Furnace wall) A,TRUE,17021.55
623090,Roxboro Steam-3,3/4/07 18:45,Second superheater B,FALSE,
623098,Roxboro Steam-3,4/17/07 16:33,Second superheater B,TRUE,1053.8
623130,Roxboro Steam-3,10/8/07 6:10,Second superheater B,TRUE,4165.616667
623191,Roxboro Steam-4,8/23/07 9:47,Economizer B,TRUE,16297.53333
625098,Anclote Steam-1,3/9/08 13:02,Other boiler tube leaks,TRUE,4703.566667
626659,Crystal River North Steam-4,2/20/08 21:58,Waterwall (Furnace wall) A,FALSE,
626772,Crystal River North Steam-4,9/23/08 23:30,Waterwall (Furnace wall) A,TRUE,5185.533333
626819,Crystal River North Steam-5,5/4/08 13:26,Waterwall (Furnace wall) A,FALSE,
626827,Crystal River North Steam-5,5/5/08 9:39,Second superheater B,FALSE,
626834,Crystal River North Steam-5,6/25/08 3:43,Second superheater B,TRUE,1218.066667
631695,Mayo Steam-1,3/1/08 16:39,Economizer B,TRUE,5241.033333
633136,Roxboro Steam-1,9/11/08 22:03,First superheater B,FALSE,
633183,Roxboro Steam-2,6/26/08 1:12,First superheater B,FALSE,
633184,Roxboro Steam-2,6/30/08 13:01,First superheater B,TRUE,107.8166667
633195,Roxboro Steam-2,8/20/08 9:40,Economizer B,FALSE,
633229,Roxboro Steam-3,1/8/08 15:52,Waterwall (Furnace wall) A,FALSE,
633241,Roxboro Steam-3,3/3/08 8:16,First reheater A,FALSE,
633243,Roxboro Steam-3,3/9/08 16:48,Second superheater B,FALSE,
633273,Roxboro Steam-3,7/27/08 1:48,First reheater A,FALSE,
633287,Roxboro Steam-3,9/26/08 23:50,Second superheater B,FALSE,
633298,Roxboro Steam-3,11/24/08 9:44,Economizer B,FALSE,
633311,Roxboro Steam-4,2/2/08 8:53,Economizer B,TRUE,3911.1
633368,Roxboro Steam-4,9/28/08 9:43,Economizer B,TRUE,5736.833333
634997,Anclote Steam-1,1/27/09 21:24,First superheater B,FALSE,
637226,Crystal River North Steam-5,10/17/09 18:52,Other boiler tube leaks,FALSE,
641797,Mayo Steam-1,6/11/09 20:20,Other boiler tube leaks,FALSE,
642910,Roxboro Steam-1,6/13/09 4:52,Economizer B,FALSE,
642940,Roxboro Steam-1,12/28/09 23:23,Economizer B,TRUE,4770.516667
642959,Roxboro Steam-2,3/7/09 15:34,Waterwall (Furnace wall) A,FALSE,
642962,Roxboro Steam-2,3/14/09 9:30,Second reheater B,FALSE,
642963,Roxboro Steam-2,3/14/09 22:42,Second reheater B,TRUE,13.2
642968,Roxboro Steam-2,3/27/09 23:06,Waterwall (Furnace wall) A,FALSE,
642971,Roxboro Steam-2,4/4/09 16:19,Second reheater B,FALSE,
642981,Roxboro Steam-2,6/1/09 6:32,Economizer B,FALSE,
642992,Roxboro Steam-2,7/15/09 11:35,Waterwall (Furnace wall) A,FALSE,
643001,Roxboro Steam-2,8/11/09 4:30,First superheater B,FALSE,
643002,Roxboro Steam-2,8/12/09 4:17,First superheater B,TRUE,23.78333333
643008,Roxboro Steam-2,9/20/09 20:11,Waterwall (Furnace wall) A,FALSE,
643009,Roxboro Steam-2,9/24/09 20:13,Waterwall (Furnace wall) A,TRUE,96.03333333
643020,Roxboro Steam-2,11/17/09 16:55,Waterwall (Furnace wall) A,TRUE,1292.7
643038,Roxboro Steam-3,2/16/09 23:56,First reheater A,FALSE,
643137,Roxboro Steam-4,12/7/09 8:30,First superheater B,FALSE,
645037,Anclote Steam-1,2/25/10 0:24,Waterwall (Furnace wall) A,FALSE,
645068,Anclote Steam-1,6/22/10 10:20,Waterwall (Furnace wall) A,TRUE,2817.933333
645107,Anclote Steam-1,9/13/10 16:00,Waterwall (Furnace wall) A,TRUE,1997.666667
645126,Anclote Steam-1,11/6/10 6:00,Waterwall (Furnace wall) A,TRUE,1286
646730,Crystal River North Steam-4,6/29/10 23:07,Waterwall (Furnace wall) A,TRUE,15455.61667
646744,Crystal River North Steam-4,8/12/10 10:00,Economizer B,FALSE,
646847,Crystal River North Steam-5,5/31/10 20:33,Waterwall (Furnace wall) A,FALSE,
646852,Crystal River North Steam-5,6/1/10 0:01,Waterwall (Furnace wall) A,TRUE,3.466666667
646866,Crystal River North Steam-5,9/24/10 8:56,Waterwall (Furnace wall) A,TRUE,2768.916667
653343,Smith Energy Complex4-8,7/5/10 4:00,Economizer B,FALSE,
653450,Roxboro Steam-1,1/24/10 15:06,Economizer B,TRUE,639.7166667
653458,Roxboro Steam-1,2/7/10 6:22,Convection pass wall (water tubes only),FALSE,
653506,Roxboro Steam-2,1/13/10 10:29,First superheater B,FALSE,
653535,Roxboro Steam-2,6/24/10 6:15,Waterwall (Furnace wall) A,FALSE,
653627,Roxboro Steam-3,1/1/10 17:33,Waterwall (Furnace wall) A,FALSE,
653692,Roxboro Steam-3,12/3/10 16:00,First superheater B,FALSE,
653716,Roxboro Steam-4,3/29/10 22:27,Second superheater B,FALSE,
653772,Roxboro Steam-4,12/25/10 20:24,First superheater B,FALSE,
655719,Anclote Steam-2,6/28/11 23:19,Generating tubes A,FALSE,
655733,Anclote Steam-2,7/26/11 9:20,Generating tubes A,TRUE,658.0166667
656913,Crystal River North Steam-4,7/15/11 21:12,Waterwall (Furnace wall) A,FALSE,
662716,Roxboro Steam-1,10/24/11 18:41,Waterwall (Furnace wall) A,FALSE,
662719,Roxboro Steam-1,11/15/11 5:25,Economizer B,FALSE,
662724,Roxboro Steam-2,1/15/11 19:22,Waterwall (Furnace wall) A,TRUE,4933.116667
662804,Roxboro Steam-3,4/12/11 10:21,Waterwall (Furnace wall) A,FALSE,
662905,Roxboro Steam-4,5/31/11 22:00,Economizer B,FALSE,
662936,Roxboro Steam-4,12/31/11 17:00,First superheater B,FALSE,
664263,Anclote Steam-2,5/10/12 11:27,Waterwall (Furnace wall) A,FALSE,
669368,Roxboro Steam-1,1/27/12 0:20,Economizer B,TRUE,1746.916667
669382,Roxboro Steam-1,6/12/12 5:18,Economizer B,TRUE,3292.966667
669384,Roxboro Steam-1,6/21/12 19:59,Economizer B,TRUE,230.6833333
669429,Roxboro Steam-2,4/28/12 4:02,Waterwall (Furnace wall) A,TRUE,11240.66667
669493,Roxboro Steam-3,1/31/12 9:13,Waterwall (Furnace wall) A,TRUE,7054.866667
669522,Roxboro Steam-3,5/11/12 6:02,Second superheater B,FALSE,
669523,Roxboro Steam-3,5/13/12 0:32,Second superheater B,TRUE,42.5
669580,Roxboro Steam-4,1/1/12 0:00,First superheater B,TRUE,7
669583,Roxboro Steam-4,1/12/12 19:48,Platen superheater,FALSE,
669602,Roxboro Steam-4,6/18/12 7:00,Waterwall (Furnace wall) A,FALSE,
670970,Anclote Steam-2,5/29/13 8:53,External reheater link tubing,FALSE,
671690,Crystal River North Steam-5,1/16/13 0:12,Waterwall (Furnace wall) A,TRUE,20271.26667
673660,Mayo Steam-1,6/15/13 21:58,Waterwall (Furnace wall) A,FALSE,
674342,Roxboro Steam-1,3/2/13 17:46,Economizer B,TRUE,6093.783333
674343,Roxboro Steam-1,3/10/13 17:12,Convection pass wall (water tubes only),FALSE,
674488,Roxboro Steam-4,4/30/13 16:36,Waterwall (Furnace wall) A,TRUE,7593.6
674506,Roxboro Steam-4,9/10/13 11:12,Waterwall (Furnace wall) A,TRUE,3186.6
676258,Cayuga Steam-2,10/22/13 23:36,Waterwall (Furnace wall) A,TRUE,6074.433333
679062,Cayuga Steam-2,11/8/13 23:48,Waterwall (Furnace wall) A,TRUE,408.2
681020,Gibson Steam-4,12/8/13 13:31,Waterwall (Furnace wall) A,TRUE,1776.566667
681024,Marshall Steam-1,12/12/13 3:03,Waterwall (Furnace wall) A,FALSE,
681176,Gibson Steam-4,12/11/13 8:10,Waterwall (Furnace wall) A,TRUE,66.65
682344,Cayuga Steam-1,12/30/13 13:56,First superheater B,FALSE,
682358,Cayuga Steam-1,1/1/14 0:00,First superheater B,TRUE,34.06666667
682367,Belews Creek Steam-1,12/18/13 20:00,Convection pass wall (water tubes only),FALSE,
682490,East Bend Steam-2,12/1/13 21:37,Second reheater B,TRUE,1725.5
682511,East Bend Steam-2,12/26/13 20:31,Second superheater B,FALSE,
684443,Gibson Steam-4,1/8/14 1:15,First reheater A,FALSE,
684653,Marshall Steam-2,1/15/14 22:00,Waterwall (Furnace wall) A,TRUE,4250.283333
685224,Marshall Steam-1,1/24/14 14:40,Waterwall (Furnace wall) A,TRUE,1043.616667
685861,Gallagher Steam-4,1/25/14 8:06,Platen superheater,FALSE,
685862,Gallagher Steam-4,1/25/14 9:27,Platen superheater,TRUE,1.35
686332,Marshall Steam-4,2/2/14 4:53,Platen superheater,FALSE,
686357,East Bend Steam-2,1/21/14 17:45,Second superheater B,TRUE,621.2333333
686713,Gibson Steam-4,2/2/14 21:16,Second superheater B,FALSE,
686854,W.S. Lee Steam-3,2/14/14 11:17,First reheater A,FALSE,
687003,Marshall Steam-4,2/20/14 15:52,Waterwall (Furnace wall) A,FALSE,
687144,Gibson Steam-1,2/24/14 15:25,First reheater A,TRUE,4970.55
687227,James E. Rogers Energy Complex-6,2/4/14 8:45,Second superheater B,FALSE,
687328,Crystal River North Steam-4,2/27/14 7:39,Second superheater B,TRUE,356.4833333
687496,Crystal River North Steam-4,2/12/14 11:10,Second superheater B,FALSE,
687595,East Bend Steam-2,2/5/14 20:42,Second reheater B,FALSE,
687650,East Bend Steam-2,2/22/14 6:40,Second superheater B,FALSE,
688838,Roxboro Steam-4,3/9/14 19:47,Convection pass wall (water tubes only),FALSE,
688952,Gibson Steam-1,3/3/14 9:35,First reheater A,TRUE,162.1666667
688962,Gibson Steam-4,3/8/14 19:42,Waterwall (Furnace wall) A,FALSE,
688964,Gibson Steam-4,3/8/14 22:20,Waterwall (Furnace wall) A,TRUE,2.633333333
688972,Gibson Steam-3,3/12/14 22:22,Waterwall (Furnace wall) A,FALSE,
689078,Gibson Steam-4,3/15/14 1:30,First reheater A,FALSE,
689079,Gibson Steam-4,3/15/14 16:02,First reheater A,TRUE,14.53333333
689467,Crystal River North Steam-4,3/17/14 6:50,External superheater link tubing,FALSE,
689782,Belews Creek Steam-1,3/26/14 8:45,Economizer B,FALSE,
690324,East Bend Steam-2,3/6/14 17:30,Second superheater B,TRUE,298.8333333
690964,Gibson Steam-4,4/10/14 3:56,Boiler screen; wing wall; or slag screen (water tubes only) A,FALSE,
691386,Crystal River North Steam-4,4/1/14 12:57,Waterwall (Furnace wall) A,FALSE,
691414,Gibson Steam-3,4/30/14 15:28,Second superheater B,FALSE,
691913,Roxboro Steam-1,5/3/14 22:21,Second superheater B,FALSE,
692120,Gibson Steam-1,5/4/14 23:59,First reheater A,TRUE,1502.4
692802,Roxboro Steam-3,5/11/14 22:37,First reheater A,FALSE,
693025,Belews Creek Steam-1,5/4/14 3:22,Economizer B,TRUE,930.6166667
693598,Crystal River North Steam-4,5/24/14 8:40,First superheater B,FALSE,
693697,Gibson Steam-4,5/26/14 16:15,Second superheater B,FALSE,
693698,Gibson Steam-4,5/28/14 18:58,Waterwall (Furnace wall) A,FALSE,
694491,Roxboro Steam-1,6/6/14 23:53,Waterwall (Furnace wall) A,FALSE,
695788,Allen Steam-4,6/21/14 16:45,Other boiler tube leaks,FALSE,
695929,Crystal River North Steam-4,6/15/14 23:30,Waterwall (Furnace wall) A,FALSE,
696052,Gallagher Steam-4,6/21/14 8:34,Economizer B,FALSE,
696191,Allen Steam-5,6/29/14 21:30,Other boiler tube leaks,FALSE,
696377,Gallagher Steam-4,6/27/14 20:33,Waterwall (Furnace wall) A,FALSE,
696897,East Bend Steam-2,6/14/14 3:54,First reheater A,FALSE,
698459,Gibson Steam-2,7/8/14 1:06,First superheater B,FALSE,
698461,Gibson Steam-3,7/7/14 1:45,Second superheater B,TRUE,1618.283333
698509,Belews Creek Steam-1,7/5/14 1:25,First reheater A,FALSE,
698733,Roxboro Steam-4,7/14/14 15:18,First reheater A,FALSE,
699187,Marshall Steam-2,7/23/14 20:06,Waterwall (Furnace wall) A,TRUE,4534.1
699302,Crystal River North Steam-5,7/19/14 20:49,First superheater B,FALSE,
701825,W.S. Lee Steam-3,8/21/14 3:30,External superheater link tubing,FALSE,
702358,Allen Steam-4,9/2/14 23:54,Other boiler tube leaks,TRUE,1759.15
703251,Gibson Steam-4,9/3/14 15:29,Waterwall (Furnace wall) A,TRUE,2348.516667
704617,Marshall Steam-2,9/6/14 17:06,Waterwall (Furnace wall) A,TRUE,1077
705583,East Bend Steam-2,9/2/14 8:40,Second superheater B,FALSE,
708609,Allen Steam-3,11/4/14 19:32,Other boiler tube leaks,TRUE,9441.95
710278,Gibson Steam-1,11/2/14 14:56,First reheater A,TRUE,4358.95
710283,Gibson Steam-3,11/2/14 17:09,Second superheater B,TRUE,2847.4
710693,Gibson Steam-3,11/10/14 20:52,Second superheater B,TRUE,195.7166667
710703,Gibson Steam-3,11/13/14 14:28,External superheater link tubing,FALSE,
710724,Gibson Steam-1,11/15/14 8:27,First reheater A,TRUE,305.5166667
711310,Gibson Steam-1,11/21/14 12:41,First reheater A,TRUE,148.2333333
711313,Gibson Steam-3,11/18/14 11:05,External reheater link tubing,FALSE,
711338,Crystal River North Steam-5,11/23/14 23:45,Waterwall (Furnace wall) A,FALSE,
711455,Marshall Steam-1,11/28/14 7:41,Waterwall (Furnace wall) A,TRUE,7385.016667
711777,Gibson Steam-1,11/29/14 17:09,First reheater A,TRUE,196.4666667
715107,Marshall Steam-1,12/13/14 9:05,Waterwall (Furnace wall) A,TRUE,361.4
715813,Roxboro Steam-4,12/23/14 1:34,Other boiler tube leaks,FALSE,
715828,Marshall Steam-3,12/30/14 20:13,Waterwall (Furnace wall) A,TRUE,11972.46667
715873,Gibson Steam-5,12/30/14 9:46,External superheater link tubing,FALSE,
715926,Crystal River North Steam-4,12/15/14 1:15,First superheater B,FALSE,
716187,Marshall Steam-3,1/1/15 0:00,Waterwall (Furnace wall) A,TRUE,27.78333333
716593,Belews Creek Steam-1,12/27/14 10:27,Second superheater B,FALSE,
718546,Marshall Steam-2,1/12/15 9:38,Waterwall (Furnace wall) A,TRUE,3064.533333
719250,Marshall Steam-1,1/16/15 22:02,Waterwall (Furnace wall) A,TRUE,828.95
719277,Marshall Steam-2,1/25/15 21:03,Waterwall (Furnace wall) A,TRUE,323.4166667
719357,Gibson Steam-3,1/25/15 20:29,Second superheater B,FALSE,
719745,Belews Creek Steam-1,1/6/15 19:01,Second superheater B,TRUE,248.5666667
719802,Noblesville CC1-N/A,1/16/15 0:00,Economizer B,FALSE,
719803,Noblesville CC1-N/A,1/20/15 12:00,Economizer B,TRUE,108
719881,Cayuga Steam-1,1/17/15 5:31,First superheater B,TRUE,9149.516667
720334,Marshall Steam-2,2/10/15 16:13,Waterwall (Furnace wall) A,TRUE,379.1666667
720337,Marshall Steam-3,2/14/15 13:30,Waterwall (Furnace wall) A,TRUE,1069.5
720531,Allen Steam-5,2/23/15 7:44,Waterwall (Furnace wall) A,FALSE,
720681,Allen Steam-1,2/26/15 4:38,Waterwall (Furnace wall) A,TRUE,55135.23333
720820,Gibson Steam-3,2/27/15 10:24,Platen superheater,FALSE,
721390,Gibson Steam-1,3/3/15 12:18,First reheater A,TRUE,2251.15
721514,Allen Steam-1,3/5/15 0:40,Waterwall (Furnace wall) A,TRUE,164.0333333
722043,Gibson Steam-1,3/13/15 14:55,Second superheater B,FALSE,
723981,East Bend Steam-2,4/6/15 4:31,Economizer B,FALSE,
724173,Gibson Steam-2,4/28/15 23:49,Waterwall (Furnace wall) A,FALSE,
724286,Cayuga Steam-1,4/9/15 13:12,Waterwall (Furnace wall) A,FALSE,
724967,Gibson Steam-4,5/12/15 3:44,First reheater A,FALSE,
725056,Marshall Steam-1,5/19/15 7:10,Waterwall (Furnace wall) A,TRUE,2937.133333
726316,Belews Creek Steam-2,5/4/15 12:00,Waterwall (Furnace wall) A,FALSE,
726345,Allen Steam-5,6/4/15 15:04,Economizer B,FALSE,
726554,Marshall Steam-2,6/14/15 19:19,Waterwall (Furnace wall) A,TRUE,2979.1
726874,Allen Steam-5,6/21/15 1:27,First superheater B,FALSE,
739746,Allen Steam-4,6/28/15 4:21,First superheater B,FALSE,
740061,Belews Creek Steam-2,6/22/15 22:44,First reheater A,FALSE,
741895,Gibson Steam-3,7/17/15 16:12,First reheater A,FALSE,
742418,Roxboro Steam-3,8/1/15 15:00,Economizer B,FALSE,
743206,W.S. Lee Steam-3,8/10/15 18:02,First superheater B,FALSE,
743415,Gibson Steam-3,8/17/15 3:51,First reheater A,TRUE,731.65
743969,Belews Creek Steam-1,8/21/15 22:00,First reheater A,FALSE,
744113,Roxboro Steam-2,8/24/15 23:43,Waterwall (Furnace wall) A,TRUE,29131.68333
745591,Belews Creek Steam-1,9/21/15 3:03,Waterwall (Furnace wall) A,FALSE,
745625,Gibson Steam-1,9/22/15 21:54,First reheater A,FALSE,
747122,Gibson Steam-2,10/25/15 11:50,Boiler screen; wing wall; or slag screen (water tubes only) A,FALSE,
747424,East Bend Steam-2,10/24/15 12:00,Second reheater B,FALSE,
748505,Gibson Steam-1,11/16/15 17:56,Second superheater B,FALSE,
748798,Gibson Steam-1,11/23/15 8:17,Second superheater B,TRUE,158.35
750440,Crystal River North Steam-5,12/13/15 19:54,First superheater B,FALSE,
751123,Allen Steam-5,1/12/16 20:48,Waterwall (Furnace wall) A,FALSE,
752771,Gibson Steam-1,2/1/16 18:19,Second superheater B,TRUE,1690.033333
753407,Gibson Steam-4,2/26/16 11:22,First reheater A,TRUE,6967.633333
753462,Gibson Steam-1,2/29/16 7:06,Second superheater B,TRUE,660.7833333
755577,Gibson Steam-3,4/27/16 16:03,First reheater A,TRUE,6108.2
755600,Cayuga Steam-2,4/2/16 2:36,Waterwall (Furnace wall) A,TRUE,21002.8
755610,Cayuga Steam-1,4/8/16 3:38,Waterwall (Furnace wall) A,TRUE,8750.433333
755633,Roxboro Steam-3,4/30/16 3:00,Convection pass wall (water tubes only),FALSE,
756958,East Bend Steam-2,4/30/16 23:59,Second superheater B,FALSE,
757580,East Bend Steam-2,5/23/16 14:00,Second reheater B,FALSE,
757581,East Bend Steam-2,5/23/16 23:36,Second reheater B,TRUE,9.6
758064,Roxboro Steam-4,6/13/16 0:58,Second reheater B,FALSE,
758944,Mayo Steam-1,6/12/16 0:20,First reheater A,FALSE,
758947,Mayo Steam-1,6/20/16 4:53,Waterwall (Furnace wall) A,FALSE,
759694,Cayuga Steam-1,6/13/16 1:57,Other boiler tube leaks,FALSE,
759839,Marshall Steam-2,7/5/16 18:12,Waterwall (Furnace wall) A,TRUE,9286.883333
759930,Gibson Steam-4,7/6/16 20:20,Waterwall (Furnace wall) A,FALSE,
759985,Gibson Steam-1,7/9/16 16:03,Waterwall (Furnace wall) A,FALSE,
760200,Roxboro Steam-1,7/19/16 18:38,Waterwall (Furnace wall) A,TRUE,18570.75
760668,Belews Creek Steam-1,7/10/16 22:21,First reheater A,FALSE,
760690,Belews Creek Steam-2,7/17/16 19:16,Second superheater B,FALSE,
760795,Belews Creek Steam-1,7/25/16 12:25,First reheater A,TRUE,350.0666667
761175,Gibson Steam-4,7/31/16 18:23,Waterwall (Furnace wall) A,TRUE,598.05
762226,Gibson Steam-4,8/4/16 1:30,Waterwall (Furnace wall) A,TRUE,79.11666667
762380,Gibson Steam-4,8/6/16 20:49,Waterwall (Furnace wall) A,TRUE,67.31666667
762945,Allen Steam-1,8/16/16 15:57,Waterwall (Furnace wall) A,TRUE,12735.28333
762961,W.S. Lee Steam-3,8/21/16 0:30,Waterwall (Furnace wall) A,FALSE,
763965,Allen Steam-2,8/25/16 16:23,Waterwall (Furnace wall) A,TRUE,70975.5
765567,Gibson Steam-5,9/15/16 19:06,Waterwall (Furnace wall) A,FALSE,
768432,Gibson Steam-1,11/12/16 10:50,Boiler screen; wing wall; or slag screen (water tubes only) A,FALSE,
770698,Allen Steam-5,12/15/16 0:54,Platen superheater,FALSE,
770918,East Bend Steam-2,12/7/16 17:04,First superheater B,FALSE,
770921,East Bend Steam-2,12/17/16 7:47,Platen superheater,FALSE,
778738,Marshall Steam-1,1/8/17 11:38,Waterwall (Furnace wall) A,TRUE,14404.46667
780759,Gibson Steam-2,2/24/17 21:24,First superheater B,FALSE,
781027,East Bend Steam-2,2/10/17 21:05,Second superheater B,FALSE,
781030,Marshall Steam-1,3/6/17 16:33,Waterwall (Furnace wall) A,TRUE,1372.916667
781201,Roxboro Steam-4,3/15/17 22:16,Economizer B,FALSE,
782258,Belews Creek Steam-1,4/13/17 14:22,Second superheater B,FALSE,
782617,Gibson Steam-4,4/20/17 15:49,Waterwall (Furnace wall) A,TRUE,6163
782618,Gibson Steam-4,4/23/17 23:00,Waterwall (Furnace wall) A,TRUE,79.18333333
782758,Roxboro Steam-1,4/26/17 18:00,First superheater B,FALSE,
784336,Gibson Steam-4,5/9/17 12:36,First reheater A,FALSE,
785496,Gibson Steam-3,6/15/17 8:32,Platen superheater,FALSE,
785530,Marshall Steam-3,6/25/17 3:06,Waterwall (Furnace wall) A,TRUE,20677.6
785723,Roxboro Steam-4,6/27/17 9:38,First superheater B,FALSE,
786090,Cayuga Steam-1,6/13/17 4:46,First superheater B,FALSE,
786365,Roxboro Steam-3,7/9/17 5:59,Economizer B,FALSE,
786502,Allen Steam-5,7/13/17 5:17,Economizer B,FALSE,
786884,Gibson Steam-2,7/13/17 10:06,First reheater A,FALSE,
788719,Anclote Steam-1,8/22/17 16:00,Waterwall (Furnace wall) A,TRUE,59554
789048,Gibson Steam-2,8/20/17 14:37,Waterwall (Furnace wall) A,FALSE,
790070,Allen Steam-2,9/20/17 21:44,Waterwall (Furnace wall) A,TRUE,9389.35
790488,Allen Steam-4,9/24/17 4:22,Economizer B,FALSE,
791106,East Bend Steam-2,9/15/17 13:50,Second superheater B,TRUE,5200.75
791571,Gibson Steam-2,10/8/17 19:22,Boiler screen; wing wall; or slag screen (water tubes only) A,FALSE,
791730,Roxboro Steam-4,10/11/17 14:00,First reheater A,FALSE,
791740,Gibson Steam-2,10/12/17 9:03,Waterwall (Furnace wall) A,FALSE,
795413,East Bend Steam-2,11/8/17 9:00,First superheater B,FALSE,
795850,East Bend Steam-2,12/6/17 20:34,Second superheater B,FALSE,
796740,Gibson Steam-5,12/21/17 17:53,Economizer B,FALSE,
796955,Marshall Steam-3,12/31/17 12:39,Second reheater B,FALSE,
796956,Marshall Steam-3,1/1/18 0:00,Second reheater B,TRUE,11.35
796962,Roxboro Steam-2,12/30/17 18:47,Waterwall (Furnace wall) A,TRUE,20611.06667
796963,Roxboro Steam-2,1/1/18 0:00,Waterwall (Furnace wall) A,TRUE,29.21666667
796964,Roxboro Steam-3,12/8/17 12:42,Second superheater B,FALSE,
797340,Crystal River North Steam-4,2/27/17 16:00,First superheater B,TRUE,19334.75
797371,Crystal River North Steam-4,6/30/17 19:51,Second superheater B,FALSE,
797374,Crystal River North Steam-4,7/15/17 16:45,First reheater A,FALSE,
797404,Crystal River North Steam-5,3/31/17 14:00,Second superheater B,FALSE,
798615,Allen Steam-2,1/6/18 11:07,First superheater B,FALSE,
798617,Allen Steam-5,1/7/18 6:10,Waterwall (Furnace wall) A,FALSE,
798874,Marshall Steam-1,1/16/18 10:33,Waterwall (Furnace wall) A,TRUE,7578
800161,Belews Creek Steam-1,1/29/18 12:20,Second reheater B,FALSE,
800764,Gibson Steam-2,1/27/18 4:22,First reheater A,FALSE,
801710,East Bend Steam-2,2/3/18 1:37,First superheater B,FALSE,
803960,Anclote Steam-1,4/22/18 2:48,Waterwall (Furnace wall) A,TRUE,5818.8
805141,Crystal River North Steam-4,5/4/18 3:54,Second superheater B,FALSE,
805523,Gibson Steam-2,5/11/18 15:25,Boiler screen; wing wall; or slag screen (water tubes only) A,FALSE,
805688,Gibson Steam-2,5/18/18 2:56,Boiler screen; wing wall; or slag screen (water tubes only) A,TRUE,155.5166667
805689,Gibson Steam-2,5/19/18 12:44,Waterwall (Furnace wall) A,FALSE,
806406,Crystal River North Steam-5,5/25/18 3:53,Waterwall (Furnace wall) A,FALSE,
806574,Belews Creek Steam-2,5/26/18 14:48,Convection pass wall (water tubes only),FALSE,
806990,Crystal River North Steam-4,6/7/18 10:30,External superheater link tubing,FALSE,
807564,Mayo Steam-1,6/15/18 9:15,Economizer B,FALSE,
807628,Allen Steam-5,6/20/18 11:38,First superheater B,FALSE,
808107,Gibson Steam-5,6/17/18 0:14,First superheater B,FALSE,
808159,Marshall Steam-1,6/27/18 13:45,Waterwall (Furnace wall) A,TRUE,3891.2
808362,Belews Creek Steam-1,6/29/18 14:59,Second reheater B,TRUE,3626.65
808753,James E. Rogers Energy Complex-5,6/16/18 22:19,Waterwall (Furnace wall) A,TRUE,69743.06667
809230,Crystal River North Steam-4,7/9/18 7:26,External superheater link tubing,TRUE,764.9333333
809829,Gibson Steam-3,7/7/18 2:45,Convection pass wall (water tubes only),FALSE,
809869,Gibson Steam-3,7/10/18 5:00,Convection pass wall (water tubes only),TRUE,74.25
811707,Gibson Steam-2,8/16/18 15:06,Waterwall (Furnace wall) A,TRUE,2138.366667
812951,Marshall Steam-1,9/6/18 16:29,Waterwall (Furnace wall) A,TRUE,1706.733333
813926,Crystal River North Steam-4,9/15/18 11:00,Second reheater B,FALSE,
814125,Crystal River North Steam-4,9/17/18 14:25,Waterwall (Furnace wall) A,FALSE,
814315,Allen Steam-5,9/27/18 23:34,Generating tubes A,FALSE,
816619,East Bend Steam-2,10/3/18 0:45,First reheater A,FALSE,
816800,Cayuga Steam-1,10/4/18 12:26,Waterwall (Furnace wall) A,FALSE,
817111,Roxboro Steam-1,11/8/18 12:00,Waterwall (Furnace wall) A,FALSE,
818381,Crystal River North Steam-4,11/10/18 19:38,External superheater link tubing,FALSE,
818845,Belews Creek Steam-1,12/3/18 17:37,Second reheater B,TRUE,3770.633333
819211,East Bend Steam-2,12/3/18 14:04,Convection pass wall (water tubes only),FALSE,
820274,Gibson Steam-4,12/23/18 2:02,Waterwall (Furnace wall) A,FALSE,
820499,Gibson Steam-4,12/28/18 16:25,Waterwall (Furnace wall) A,TRUE,134.3833333
821057,Roxboro Steam-3,1/9/19 14:07,Waterwall (Furnace wall) A,FALSE,
821115,Gibson Steam-4,1/2/19 4:35,Waterwall (Furnace wall) A,TRUE,108.1666667
822216,Roxboro Steam-4,1/25/19 14:58,First superheater B,FALSE,
822467,Mayo Steam-1,1/17/19 9:16,Waterwall (Furnace wall) A,FALSE,
822868,Cayuga Steam-2,1/9/19 9:22,Platen superheater,FALSE,
823073,James E. Rogers Energy Complex-5,1/21/19 7:23,Waterwall (Furnace wall) A,TRUE,5241.066667
824034,Marshall Steam-4,3/5/19 9:35,Platen superheater,FALSE,
824115,Roxboro Steam-3,3/9/19 11:56,Economizer B,FALSE,
824141,Roxboro Steam-4,3/11/19 22:52,First superheater B,TRUE,1087.9
824481,Marshall Steam-1,3/23/19 12:40,First reheater A,FALSE,
824828,Gibson Steam-3,3/21/19 2:21,First reheater A,FALSE,
824870,Marshall Steam-1,4/1/19 0:33,Waterwall (Furnace wall) A,FALSE,
826754,Gibson Steam-1,5/10/19 15:27,Waterwall (Furnace wall) A,FALSE,
826785,Gibson Steam-1,5/14/19 17:00,Waterwall (Furnace wall) A,TRUE,97.55
828981,Marshall Steam-1,6/18/19 3:31,Waterwall (Furnace wall) A,TRUE,1874.966667
829100,Crystal River North Steam-5,6/10/19 17:50,First superheater B,FALSE,
829250,Gibson Steam-4,6/19/19 12:55,Waterwall (Furnace wall) A,TRUE,4040.333333
829922,Roxboro Steam-4,7/1/19 14:35,Economizer B,FALSE,
830617,Gibson Steam-2,7/3/19 8:56,Waterwall (Furnace wall) A,TRUE,7697.833333
830619,Gibson Steam-2,7/4/19 15:45,Waterwall (Furnace wall) A,TRUE,30.81666667
830793,Roxboro Steam-4,7/22/19 23:08,Waterwall (Furnace wall) A,FALSE,
831573,Marshall Steam-4,8/2/19 19:52,First reheater A,FALSE,
831610,Roxboro Steam-4,8/3/19 1:36,Waterwall (Furnace wall) A,TRUE,266.4666667
831729,Allen Steam-5,8/7/19 14:33,Waterwall (Furnace wall) A,FALSE,
831938,Gibson Steam-2,8/8/19 19:24,First superheater B,FALSE,
832764,Gibson Steam-5,8/10/19 9:54,Second superheater B,FALSE,
833230,Anclote Steam-1,8/20/19 20:10,Waterwall (Furnace wall) A,TRUE,13.16666667
833408,Marshall Steam-4,8/26/19 5:00,Waterwall (Furnace wall) A,FALSE,
833421,Cayuga Steam-1,8/25/19 15:14,Waterwall (Furnace wall) A,TRUE,7802.8
833426,Crystal River North Steam-4,8/11/19 21:24,Second superheater B,FALSE,
833427,Crystal River North Steam-4,8/16/19 17:47,Second superheater B,TRUE,116.3833333
833622,Gibson Steam-2,8/14/19 0:35,Waterwall (Furnace wall) A,FALSE,
833871,Roxboro Steam-4,8/27/19 15:36,Economizer B,FALSE,
834060,Anclote Steam-1,8/20/19 7:00,Waterwall (Furnace wall) A,TRUE,11644.2
834061,Crystal River North Steam-4,8/28/19 19:46,Second superheater B,TRUE,289.9833333
834062,Crystal River North Steam-4,8/28/19 20:56,Second superheater B,TRUE,1.166666667
834147,Crystal River North Steam-4,8/29/19 0:32,Second superheater B,TRUE,3.6
835387,Crystal River North Steam-4,9/4/19 21:49,Second superheater B,TRUE,165.2833333
838025,Crystal River North Steam-4,10/24/19 11:01,Other boiler tube leaks,FALSE,
838494,Cayuga Steam-1,11/13/19 6:00,Waterwall (Furnace wall) A,TRUE,1910.766667
839672,James E. Rogers Energy Complex-5,11/5/19 10:53,Waterwall (Furnace wall) A,TRUE,6915.5
840138,Marshall Steam-3,12/12/19 10:57,Waterwall (Furnace wall) A,FALSE,
841015,Belews Creek Steam-1,12/29/19 23:30,Economizer B,FALSE,
841040,Roxboro Steam-4,12/4/19 18:45,Economizer B,TRUE,2379.15
841044,Roxboro Steam-4,12/19/19 11:40,Economizer B,TRUE,352.9166667
841122,James E. Rogers Energy Complex-6,12/3/19 10:18,Waterwall (Furnace wall) A,FALSE,
841360,Gibson Steam-2,12/29/19 14:11,Platen superheater,FALSE,
842342,Gibson Steam-2,1/1/20 0:00,Platen superheater,TRUE,57.81666667
842343,Gibson Steam-2,1/3/20 15:45,Waterwall (Furnace wall) A,FALSE,
845109,Gibson Steam-4,3/12/20 6:25,Boiler screen; wing wall; or slag screen (water tubes only) A,FALSE,
846701,Cayuga Steam-2,4/29/20 18:00,Platen superheater,TRUE,11432.63333
847516,Gibson Steam-4,5/7/20 22:57,First reheater A,FALSE,
847517,Gibson Steam-4,5/10/20 3:50,First reheater A,TRUE,52.88333333
848682,Roxboro Steam-4,6/11/20 21:30,First reheater A,FALSE,
848947,Roxboro Steam-1,6/19/20 10:42,Second superheater B,FALSE,
849144,Marshall Steam-2,6/24/20 19:50,Waterwall (Furnace wall) A,TRUE,34801.63333
850356,Roxboro Steam-4,7/6/20 23:24,Economizer B,FALSE,
851014,Belews Creek Steam-1,7/13/20 20:32,Second superheater B,FALSE,
851238,Marshall Steam-1,7/21/20 16:43,Waterwall (Furnace wall) A,TRUE,435.35
851536,Marshall Steam-1,7/3/20 13:22,Waterwall (Furnace wall) A,TRUE,9153.85
851660,Gibson Steam-1,7/15/20 17:05,Waterwall (Furnace wall) A,TRUE,10272.08333
851661,Gibson Steam-1,7/20/20 16:11,Waterwall (Furnace wall) A,TRUE,119.1
851662,Gibson Steam-1,7/22/20 15:40,Waterwall (Furnace wall) A,TRUE,47.48333333
851838,Allen Steam-5,7/19/20 13:07,Waterwall (Furnace wall) A,TRUE,8326.566667
851908,Gallagher Steam-4,7/29/20 14:55,Second superheater B,FALSE,
851988,James E. Rogers Energy Complex-5,7/24/20 10:10,Other boiler tube leaks,FALSE,
854613,Roxboro Steam-4,9/11/20 3:23,First superheater B,FALSE,
854640,Roxboro Steam-3,9/12/20 5:27,Economizer B,TRUE,13265.51667
855185,Cayuga Steam-2,9/14/20 13:35,Waterwall (Furnace wall) A,FALSE,
855904,James E. Rogers Energy Complex-5,9/2/20 21:22,Waterwall (Furnace wall) A,FALSE,
856106,Gibson Steam-1,10/4/20 18:00,Waterwall (Furnace wall) A,TRUE,1778.333333
856178,Cayuga Steam-1,10/13/20 1:59,Other boiler tube leaks,FALSE,
858811,Gibson Steam-2,11/13/20 15:48,External superheater link tubing,FALSE,
858812,Gibson Steam-2,11/16/20 3:00,Platen superheater,FALSE,
859543,Marshall Steam-1,12/8/20 23:02,Waterwall (Furnace wall) A,TRUE,3366.316667
859705,Marshall Steam-3,12/13/20 13:21,Waterwall (Furnace wall) A,TRUE,8810.4
860564,Marshall Steam-1,12/17/20 15:09,Waterwall (Furnace wall) A,TRUE,208.1166667
860736,Allen Steam-3,12/18/20 12:38,Economizer B,FALSE,